it,MortRunner,MortFroid,MortFeu,MortParHunt,MortSmart,MortNotSmart
0,0,0,0, 0, 0,0
1,0,0,0, 0, 0,0
2,0,0,0, 0, 0,0
3,1,0,0, 1, 0,1
4,1,0,0, 1, 0,1
5,1,0,0, 1, 0,1
6,2,0,0, 2, 0,2
7,2,0,0, 2, 0,2
8,2,0,0, 2, 0,2
9,2,0,0, 2, 0,2
10,2,0,0, 2, 0,2
11,2,0,0, 2, 0,2
12,2,0,0, 2, 0,2
13,2,0,0, 2, 0,2
14,2,0,0, 2, 0,2
15,2,0,0, 2, 0,2
16,2,0,0, 2, 0,2
17,2,0,0, 2, 0,2
18,2,0,0, 2, 0,2
19,2,0,0, 2, 0,2
20,2,0,0, 2, 0,2
21,2,0,0, 2, 0,2
22,2,0,0, 2, 0,2
23,2,0,0, 2, 0,2
24,2,0,0, 2, 0,2
25,2,0,0, 2, 0,2
26,2,0,0, 2, 0,2
27,2,0,0, 2, 0,2
28,2,0,0, 2, 0,2
29,2,0,0, 2, 0,2
30,2,0,0, 2, 0,2
31,2,0,0, 2, 0,2
32,2,0,0, 2, 0,2
33,2,0,0, 2, 0,2
34,2,0,0, 2, 0,2
35,3,0,0, 3, 0,3
36,3,0,0, 3, 0,3
37,3,0,0, 3, 0,3
38,3,0,0, 3, 0,3
39,3,0,0, 3, 0,3
40,3,0,0, 3, 0,3
41,3,0,0, 3, 0,3
42,3,0,0, 3, 0,3
43,3,0,0, 3, 0,3
44,3,0,0, 3, 0,3
45,3,0,0, 3, 0,3
46,3,0,0, 3, 0,3
47,3,0,0, 3, 0,3
48,5,0,0, 5, 1,4
49,5,0,0, 5, 1,4
50,5,0,0, 5, 1,4
51,5,0,0, 5, 1,4
52,5,0,0, 5, 1,4
53,5,0,0, 5, 1,4
54,5,0,0, 5, 1,4
55,5,0,0, 5, 1,4
56,5,0,0, 5, 1,4
57,5,0,0, 5, 1,4
58,5,0,0, 5, 1,4
59,5,0,0, 5, 1,4
60,5,0,0, 5, 1,4
61,5,0,0, 5, 1,4
62,5,0,0, 5, 1,4
63,5,0,0, 5, 1,4
64,5,0,0, 5, 1,4
65,5,0,0, 5, 1,4
66,5,0,0, 5, 1,4
67,5,0,0, 5, 1,4
68,5,0,0, 5, 1,4
69,6,0,0, 6, 1,5
70,6,0,0, 6, 1,5
71,6,0,0, 6, 1,5
72,6,0,0, 6, 1,5
73,6,0,0, 6, 1,5
74,6,0,0, 6, 1,5
75,6,0,0, 6, 1,5
76,6,0,0, 6, 1,5
77,6,0,0, 6, 1,5
78,6,0,0, 6, 1,5
79,6,0,0, 6, 1,5
80,6,0,0, 6, 1,5
81,6,0,0, 6, 1,5
82,6,0,0, 6, 1,5
83,6,0,0, 6, 1,5
84,6,0,0, 6, 1,5
85,6,0,0, 6, 1,5
86,6,0,0, 6, 1,5
87,6,0,0, 6, 1,5
88,7,0,0, 7, 1,6
89,7,0,0, 7, 1,6
90,7,0,0, 7, 1,6
91,7,0,0, 7, 1,6
92,7,0,0, 7, 1,6
93,7,0,0, 7, 1,6
94,7,0,0, 7, 1,6
95,7,0,0, 7, 1,6
96,7,0,0, 7, 1,6
97,7,0,0, 7, 1,6
98,7,0,0, 7, 1,6
99,7,0,0, 7, 1,6
100,7,0,0, 7, 1,6
101,8,0,0, 8, 1,7
102,8,0,0, 8, 1,7
103,8,0,0, 8, 1,7
104,8,0,0, 8, 1,7
105,8,0,0, 8, 1,7
106,8,0,0, 8, 1,7
107,8,0,0, 8, 1,7
108,8,0,0, 8, 1,7
109,8,0,0, 8, 1,7
110,8,0,0, 8, 1,7
111,8,0,0, 8, 1,7
112,8,0,0, 8, 1,7
113,8,0,0, 8, 1,7
114,8,0,0, 8, 1,7
115,8,0,0, 8, 1,7
116,8,0,0, 8, 1,7
117,8,0,0, 8, 1,7
118,8,0,0, 8, 1,7
119,8,0,0, 8, 1,7
120,10,0,0, 10, 1,9
121,10,0,0, 10, 1,9
122,10,0,0, 10, 1,9
123,10,0,0, 10, 1,9
124,10,0,0, 10, 1,9
125,10,0,0, 10, 1,9
126,12,0,0, 12, 1,11
127,12,0,0, 12, 1,11
128,13,0,0, 13, 1,12
129,14,0,0, 14, 1,13
130,14,0,0, 14, 1,13
131,14,0,0, 14, 1,13
132,14,0,0, 14, 1,13
133,15,0,0, 15, 1,14
134,15,0,0, 15, 1,14
135,15,0,0, 15, 1,14
136,15,0,0, 15, 1,14
137,15,0,0, 15, 1,14
138,15,0,0, 15, 1,14
139,15,0,0, 15, 1,14
140,15,0,0, 15, 1,14
141,15,0,0, 15, 1,14
142,15,0,0, 15, 1,14
143,15,0,0, 15, 1,14
144,15,0,0, 15, 1,14
145,15,0,0, 15, 1,14
146,15,0,0, 15, 1,14
147,15,0,0, 15, 1,14
148,15,0,0, 15, 1,14
149,15,0,0, 15, 1,14
150,15,0,0, 15, 1,14
151,15,0,0, 15, 1,14
152,15,0,0, 15, 1,14
153,15,0,0, 15, 1,14
154,16,0,1, 15, 1,15
155,16,0,1, 15, 1,15
156,16,0,1, 15, 1,15
157,16,0,1, 15, 1,15
158,16,0,1, 15, 1,15
159,16,0,1, 15, 1,15
160,16,0,1, 15, 1,15
161,16,0,1, 15, 1,15
162,16,0,1, 15, 1,15
163,16,0,1, 15, 1,15
164,16,0,1, 15, 1,15
165,16,0,1, 15, 1,15
166,16,0,1, 15, 1,15
167,16,0,1, 15, 1,15
168,16,0,1, 15, 1,15
169,16,0,1, 15, 1,15
170,17,0,2, 15, 1,16
171,17,0,2, 15, 1,16
172,17,0,2, 15, 1,16
173,17,0,2, 15, 1,16
174,17,0,2, 15, 1,16
175,18,0,3, 15, 1,17
176,18,0,3, 15, 1,17
177,19,0,4, 15, 1,18
178,19,0,4, 15, 1,18
179,19,0,4, 15, 1,18
180,19,0,4, 15, 1,18
181,19,0,4, 15, 1,18
182,19,0,4, 15, 1,18
183,19,0,4, 15, 1,18
184,19,0,4, 15, 1,18
185,19,0,4, 15, 1,18
186,19,0,4, 15, 1,18
187,19,0,4, 15, 1,18
188,19,0,4, 15, 1,18
189,19,0,4, 15, 1,18
190,19,0,4, 15, 1,18
191,19,0,4, 15, 1,18
192,19,0,4, 15, 1,18
193,19,0,4, 15, 1,18
194,19,0,4, 15, 1,18
195,19,0,4, 15, 1,18
196,19,0,4, 15, 1,18
197,19,0,4, 15, 1,18
198,19,0,4, 15, 1,18
199,19,0,4, 15, 1,18
200,19,0,4, 15, 1,18
201,19,0,4, 15, 1,18
202,19,0,4, 15, 1,18
203,19,0,4, 15, 1,18
204,19,0,4, 15, 1,18
205,19,0,4, 15, 1,18
206,19,0,4, 15, 1,18
207,19,0,4, 15, 1,18
208,19,0,4, 15, 1,18
209,19,0,4, 15, 1,18
210,19,0,4, 15, 1,18
211,19,0,4, 15, 1,18
212,19,0,4, 15, 1,18
213,19,0,4, 15, 1,18
214,19,0,4, 15, 1,18
215,19,0,4, 15, 1,18
216,19,0,4, 15, 1,18
217,19,0,4, 15, 1,18
218,19,0,4, 15, 1,18
219,19,0,4, 15, 1,18
220,19,0,4, 15, 1,18
221,19,0,4, 15, 1,18
222,19,0,4, 15, 1,18
223,19,0,4, 15, 1,18
224,20,0,5, 15, 1,19
225,20,0,5, 15, 1,19
226,20,0,5, 15, 1,19
227,20,0,5, 15, 1,19
228,21,0,5, 16, 1,20
229,21,0,5, 16, 1,20
230,21,0,5, 16, 1,20
231,21,0,5, 16, 1,20
232,21,0,5, 16, 1,20
233,21,0,5, 16, 1,20
234,21,0,5, 16, 1,20
235,21,0,5, 16, 1,20
236,22,0,6, 16, 2,20
237,22,0,6, 16, 2,20
238,22,0,6, 16, 2,20
239,22,0,6, 16, 2,20
240,24,0,8, 16, 4,20
241,24,0,8, 16, 4,20
242,24,0,8, 16, 4,20
243,24,0,8, 16, 4,20
244,24,0,8, 16, 4,20
245,24,0,8, 16, 4,20
246,24,0,8, 16, 4,20
247,24,0,8, 16, 4,20
248,24,0,8, 16, 4,20
249,24,0,8, 16, 4,20
250,24,0,8, 16, 4,20
251,24,0,8, 16, 4,20
252,24,0,8, 16, 4,20
253,25,0,8, 17, 4,21
254,25,0,8, 17, 4,21
255,25,0,8, 17, 4,21
256,25,0,8, 17, 4,21
257,25,0,8, 17, 4,21
258,25,0,8, 17, 4,21
259,25,0,8, 17, 4,21
260,25,0,8, 17, 4,21
261,25,0,8, 17, 4,21
262,25,0,8, 17, 4,21
263,26,0,8, 18, 4,22
264,26,0,8, 18, 4,22
265,26,0,8, 18, 4,22
266,26,0,8, 18, 4,22
267,26,0,8, 18, 4,22
268,26,0,8, 18, 4,22
269,27,0,8, 19, 4,23
270,27,0,8, 19, 4,23
271,27,0,8, 19, 4,23
272,27,0,8, 19, 4,23
273,27,0,8, 19, 4,23
274,27,0,8, 19, 4,23
275,27,0,8, 19, 4,23
276,27,0,8, 19, 4,23
277,27,0,8, 19, 4,23
278,27,0,8, 19, 4,23
279,27,0,8, 19, 4,23
280,27,0,8, 19, 4,23
281,27,0,8, 19, 4,23
282,27,0,8, 19, 4,23
283,27,0,8, 19, 4,23
284,27,0,8, 19, 4,23
285,27,0,8, 19, 4,23
286,27,0,8, 19, 4,23
287,27,0,8, 19, 4,23
288,27,0,8, 19, 4,23
289,27,0,8, 19, 4,23
290,27,0,8, 19, 4,23
291,27,0,8, 19, 4,23
292,27,0,8, 19, 4,23
293,29,1,8, 20, 5,24
294,29,1,8, 20, 5,24
295,29,1,8, 20, 5,24
296,29,1,8, 20, 5,24
297,30,2,8, 20, 5,25
298,30,2,8, 20, 5,25
299,31,3,8, 20, 5,26
300,31,3,8, 20, 5,26
301,31,3,8, 20, 5,26
302,32,4,8, 20, 5,27
303,33,5,8, 20, 5,28
304,33,5,8, 20, 5,28
305,33,5,8, 20, 5,28
306,34,6,8, 20, 5,29
307,34,6,8, 20, 5,29
308,34,6,8, 20, 5,29
309,34,6,8, 20, 5,29
310,36,8,8, 20, 6,30
311,36,8,8, 20, 6,30
312,36,8,8, 20, 6,30
313,36,8,8, 20, 6,30
314,36,8,8, 20, 6,30
315,36,8,8, 20, 6,30
316,36,8,8, 20, 6,30
317,36,8,8, 20, 6,30
318,36,8,8, 20, 6,30
319,36,8,8, 20, 6,30
320,36,8,8, 20, 6,30
321,37,9,8, 20, 6,31
322,37,9,8, 20, 6,31
323,37,9,8, 20, 6,31
324,37,9,8, 20, 6,31
325,38,10,8, 20, 6,32
326,38,10,8, 20, 6,32
327,39,11,8, 20, 7,32
328,39,11,8, 20, 7,32
329,40,11,8, 21, 7,33
330,40,11,8, 21, 7,33
331,40,11,8, 21, 7,33
332,40,11,8, 21, 7,33
333,41,12,8, 21, 8,33
334,41,12,8, 21, 8,33
335,42,12,8, 22, 8,34
336,42,12,8, 22, 8,34
337,42,12,8, 22, 8,34
338,42,12,8, 22, 8,34
339,43,12,8, 23, 8,35
340,43,12,8, 23, 8,35
341,43,12,8, 23, 8,35
342,43,12,8, 23, 8,35
343,43,12,8, 23, 8,35
344,43,12,8, 23, 8,35
345,43,12,8, 23, 8,35
346,43,12,8, 23, 8,35
347,43,12,8, 23, 8,35
348,43,12,8, 23, 8,35
349,43,12,8, 23, 8,35
350,43,12,8, 23, 8,35
351,43,12,8, 23, 8,35
352,43,12,8, 23, 8,35
353,43,12,8, 23, 8,35
354,43,12,8, 23, 8,35
355,43,12,8, 23, 8,35
356,43,12,8, 23, 8,35
357,43,12,8, 23, 8,35
358,43,12,8, 23, 8,35
359,43,12,8, 23, 8,35
360,43,12,8, 23, 8,35
361,44,13,8, 23, 8,36
362,44,13,8, 23, 8,36
363,44,13,8, 23, 8,36
364,44,13,8, 23, 8,36
365,45,14,8, 23, 8,37
366,45,14,8, 23, 8,37
367,45,14,8, 23, 8,37
368,45,14,8, 23, 8,37
369,45,14,8, 23, 8,37
370,45,14,8, 23, 8,37
371,45,14,8, 23, 8,37
372,45,14,8, 23, 8,37
373,46,15,8, 23, 8,38
374,46,15,8, 23, 8,38
375,46,15,8, 23, 8,38
376,46,15,8, 23, 8,38
377,46,15,8, 23, 8,38
378,46,15,8, 23, 8,38
379,46,15,8, 23, 8,38
380,46,15,8, 23, 8,38
381,46,15,8, 23, 8,38
382,47,16,8, 23, 9,38
383,47,16,8, 23, 9,38
384,47,16,8, 23, 9,38
385,47,16,8, 23, 9,38
386,47,16,8, 23, 9,38
387,47,16,8, 23, 9,38
388,47,16,8, 23, 9,38
389,47,16,8, 23, 9,38
390,47,16,8, 23, 9,38
391,47,16,8, 23, 9,38
392,47,16,8, 23, 9,38
393,47,16,8, 23, 9,38
394,47,16,8, 23, 9,38
395,47,16,8, 23, 9,38
396,47,16,8, 23, 9,38
397,47,16,8, 23, 9,38
398,47,16,8, 23, 9,38
399,47,16,8, 23, 9,38
400,47,16,8, 23, 9,38
401,47,16,8, 23, 9,38
402,47,16,8, 23, 9,38
403,47,16,8, 23, 9,38
404,47,16,8, 23, 9,38
405,47,16,8, 23, 9,38
406,47,16,8, 23, 9,38
407,47,16,8, 23, 9,38
408,47,16,8, 23, 9,38
409,47,16,8, 23, 9,38
410,47,16,8, 23, 9,38
411,47,16,8, 23, 9,38
412,47,16,8, 23, 9,38
413,47,16,8, 23, 9,38
414,47,16,8, 23, 9,38
415,47,16,8, 23, 9,38
416,47,16,8, 23, 9,38
417,47,16,8, 23, 9,38
418,47,16,8, 23, 9,38
419,47,16,8, 23, 9,38
420,47,16,8, 23, 9,38
421,47,16,8, 23, 9,38
422,47,16,8, 23, 9,38
423,48,17,8, 23, 10,38
424,48,17,8, 23, 10,38
425,48,17,8, 23, 10,38
426,48,17,8, 23, 10,38
427,48,17,8, 23, 10,38
428,48,17,8, 23, 10,38
429,48,17,8, 23, 10,38
430,48,17,8, 23, 10,38
431,48,17,8, 23, 10,38
432,48,17,8, 23, 10,38
433,48,17,8, 23, 10,38
434,48,17,8, 23, 10,38
435,48,17,8, 23, 10,38
436,48,17,8, 23, 10,38
437,48,17,8, 23, 10,38
438,48,17,8, 23, 10,38
439,48,17,8, 23, 10,38
440,48,17,8, 23, 10,38
441,48,17,8, 23, 10,38
442,48,17,8, 23, 10,38
443,48,17,8, 23, 10,38
444,48,17,8, 23, 10,38
445,48,17,8, 23, 10,38
446,48,17,8, 23, 10,38
447,48,17,8, 23, 10,38
448,48,17,8, 23, 10,38
449,48,17,8, 23, 10,38
450,48,17,8, 23, 10,38
451,48,17,8, 23, 10,38
452,48,17,8, 23, 10,38
453,49,17,8, 24, 11,38
454,49,17,8, 24, 11,38
455,49,17,8, 24, 11,38
456,49,17,8, 24, 11,38
457,49,17,8, 24, 11,38
458,49,17,8, 24, 11,38
459,49,17,8, 24, 11,38
460,49,17,8, 24, 11,38
461,49,17,8, 24, 11,38
462,49,17,8, 24, 11,38
463,49,17,8, 24, 11,38
464,49,17,8, 24, 11,38
465,49,17,8, 24, 11,38
466,49,17,8, 24, 11,38
467,49,17,8, 24, 11,38
468,49,17,8, 24, 11,38
469,49,17,8, 24, 11,38
470,49,17,8, 24, 11,38
471,49,17,8, 24, 11,38
472,49,17,8, 24, 11,38
473,49,17,8, 24, 11,38
474,49,17,8, 24, 11,38
475,49,17,8, 24, 11,38
476,49,17,8, 24, 11,38
477,49,17,8, 24, 11,38
478,49,17,8, 24, 11,38
479,49,17,8, 24, 11,38
480,49,17,8, 24, 11,38
481,49,17,8, 24, 11,38
482,49,17,8, 24, 11,38
483,49,17,8, 24, 11,38
484,49,17,8, 24, 11,38
485,49,17,8, 24, 11,38
486,49,17,8, 24, 11,38
487,49,17,8, 24, 11,38
488,49,17,8, 24, 11,38
489,49,17,8, 24, 11,38
490,49,17,8, 24, 11,38
491,49,17,8, 24, 11,38
492,49,17,8, 24, 11,38
493,49,17,8, 24, 11,38
494,49,17,8, 24, 11,38
495,49,17,8, 24, 11,38
496,49,17,8, 24, 11,38
497,49,17,8, 24, 11,38
498,50,17,8, 25, 12,38
499,50,17,8, 25, 12,38
500,50,17,8, 25, 12,38
501,50,17,8, 25, 12,38
502,50,17,8, 25, 12,38
503,50,17,8, 25, 12,38
504,50,17,8, 25, 12,38
505,50,17,8, 25, 12,38
506,50,17,8, 25, 12,38
507,50,17,8, 25, 12,38
508,50,17,8, 25, 12,38
509,50,17,8, 25, 12,38
510,50,17,8, 25, 12,38
511,50,17,8, 25, 12,38
512,51,17,9, 25, 13,38
513,51,17,9, 25, 13,38
514,51,17,9, 25, 13,38
515,51,17,9, 25, 13,38
516,51,17,9, 25, 13,38
517,51,17,9, 25, 13,38
518,51,17,9, 25, 13,38
519,51,17,9, 25, 13,38
520,51,17,9, 25, 13,38
521,51,17,9, 25, 13,38
522,51,17,9, 25, 13,38
523,51,17,9, 25, 13,38
524,51,17,9, 25, 13,38
525,51,17,9, 25, 13,38
526,51,17,9, 25, 13,38
527,51,17,9, 25, 13,38
528,51,17,9, 25, 13,38
529,51,17,9, 25, 13,38
530,51,17,9, 25, 13,38
531,51,17,9, 25, 13,38
532,51,17,9, 25, 13,38
533,51,17,9, 25, 13,38
534,51,17,9, 25, 13,38
535,51,17,9, 25, 13,38
536,51,17,9, 25, 13,38
537,51,17,9, 25, 13,38
538,51,17,9, 25, 13,38
539,51,17,9, 25, 13,38
540,51,17,9, 25, 13,38
541,51,17,9, 25, 13,38
542,51,17,9, 25, 13,38
543,51,17,9, 25, 13,38
544,51,17,9, 25, 13,38
545,51,17,9, 25, 13,38
546,51,17,9, 25, 13,38
547,51,17,9, 25, 13,38
548,51,17,9, 25, 13,38
549,51,17,9, 25, 13,38
550,51,17,9, 25, 13,38
551,51,17,9, 25, 13,38
552,51,17,9, 25, 13,38
553,51,17,9, 25, 13,38
554,51,17,9, 25, 13,38
555,51,17,9, 25, 13,38
556,51,17,9, 25, 13,38
557,51,17,9, 25, 13,38
558,51,17,9, 25, 13,38
559,51,17,9, 25, 13,38
560,51,17,9, 25, 13,38
561,51,17,9, 25, 13,38
562,51,17,9, 25, 13,38
563,51,17,9, 25, 13,38
564,51,17,9, 25, 13,38
565,51,17,9, 25, 13,38
566,51,17,9, 25, 13,38
567,51,17,9, 25, 13,38
568,51,17,9, 25, 13,38
569,51,17,9, 25, 13,38
570,51,17,9, 25, 13,38
571,51,17,9, 25, 13,38
572,51,17,9, 25, 13,38
573,51,17,9, 25, 13,38
574,51,17,9, 25, 13,38
575,51,17,9, 25, 13,38
576,51,17,9, 25, 13,38
577,51,17,9, 25, 13,38
578,51,17,9, 25, 13,38
579,51,17,9, 25, 13,38
580,51,17,9, 25, 13,38
581,51,17,9, 25, 13,38
582,51,17,9, 25, 13,38
583,51,17,9, 25, 13,38
584,51,17,9, 25, 13,38
585,51,17,9, 25, 13,38
586,51,17,9, 25, 13,38
587,51,17,9, 25, 13,38
588,51,17,9, 25, 13,38
589,51,17,9, 25, 13,38
590,51,17,9, 25, 13,38
591,51,17,9, 25, 13,38
592,51,17,9, 25, 13,38
593,51,17,9, 25, 13,38
594,51,17,9, 25, 13,38
595,51,17,9, 25, 13,38
596,51,17,9, 25, 13,38
597,51,17,9, 25, 13,38
598,51,17,9, 25, 13,38
599,51,17,9, 25, 13,38
600,51,17,9, 25, 13,38
601,51,17,9, 25, 13,38
602,51,17,9, 25, 13,38
603,51,17,9, 25, 13,38
604,51,17,9, 25, 13,38
605,51,17,9, 25, 13,38
606,51,17,9, 25, 13,38
607,51,17,9, 25, 13,38
608,51,17,9, 25, 13,38
609,51,17,9, 25, 13,38
610,51,17,9, 25, 13,38
611,51,17,9, 25, 13,38
612,51,17,9, 25, 13,38
613,51,17,9, 25, 13,38
614,51,17,9, 25, 13,38
615,51,17,9, 25, 13,38
616,51,17,9, 25, 13,38
617,51,17,9, 25, 13,38
618,51,17,9, 25, 13,38
619,51,17,9, 25, 13,38
620,51,17,9, 25, 13,38
621,51,17,9, 25, 13,38
622,51,17,9, 25, 13,38
623,51,17,9, 25, 13,38
624,51,17,9, 25, 13,38
625,51,17,9, 25, 13,38
626,51,17,9, 25, 13,38
627,51,17,9, 25, 13,38
628,51,17,9, 25, 13,38
629,51,17,9, 25, 13,38
630,51,17,9, 25, 13,38
631,51,17,9, 25, 13,38
632,51,17,9, 25, 13,38
633,51,17,9, 25, 13,38
634,51,17,9, 25, 13,38
635,51,17,9, 25, 13,38
636,51,17,9, 25, 13,38
637,51,17,9, 25, 13,38
638,51,17,9, 25, 13,38
639,51,17,9, 25, 13,38
640,51,17,9, 25, 13,38
641,51,17,9, 25, 13,38
642,51,17,9, 25, 13,38
643,51,17,9, 25, 13,38
644,51,17,9, 25, 13,38
645,51,17,9, 25, 13,38
646,51,17,9, 25, 13,38
647,51,17,9, 25, 13,38
648,51,17,9, 25, 13,38
649,51,17,9, 25, 13,38
650,51,17,9, 25, 13,38
651,51,17,9, 25, 13,38
652,51,17,9, 25, 13,38
653,51,17,9, 25, 13,38
654,52,18,9, 25, 14,38
655,52,18,9, 25, 14,38
656,52,18,9, 25, 14,38
657,52,18,9, 25, 14,38
658,52,18,9, 25, 14,38
659,52,18,9, 25, 14,38
660,52,18,9, 25, 14,38
661,52,18,9, 25, 14,38
662,52,18,9, 25, 14,38
663,52,18,9, 25, 14,38
664,52,18,9, 25, 14,38
665,52,18,9, 25, 14,38
666,52,18,9, 25, 14,38
667,52,18,9, 25, 14,38
668,52,18,9, 25, 14,38
669,52,18,9, 25, 14,38
670,52,18,9, 25, 14,38
671,52,18,9, 25, 14,38
672,52,18,9, 25, 14,38
673,52,18,9, 25, 14,38
674,52,18,9, 25, 14,38
675,52,18,9, 25, 14,38
676,52,18,9, 25, 14,38
677,52,18,9, 25, 14,38
678,52,18,9, 25, 14,38
679,52,18,9, 25, 14,38
680,52,18,9, 25, 14,38
681,52,18,9, 25, 14,38
682,52,18,9, 25, 14,38
683,52,18,9, 25, 14,38
684,52,18,9, 25, 14,38
685,52,18,9, 25, 14,38
686,52,18,9, 25, 14,38
687,52,18,9, 25, 14,38
688,52,18,9, 25, 14,38
689,52,18,9, 25, 14,38
690,53,19,9, 25, 15,38
691,53,19,9, 25, 15,38
692,53,19,9, 25, 15,38
693,53,19,9, 25, 15,38
694,53,19,9, 25, 15,38
695,53,19,9, 25, 15,38
696,53,19,9, 25, 15,38
697,53,19,9, 25, 15,38
698,53,19,9, 25, 15,38
699,53,19,9, 25, 15,38
700,53,19,9, 25, 15,38
701,53,19,9, 25, 15,38
702,53,19,9, 25, 15,38
703,53,19,9, 25, 15,38
704,53,19,9, 25, 15,38
705,53,19,9, 25, 15,38
706,53,19,9, 25, 15,38
707,53,19,9, 25, 15,38
708,53,19,9, 25, 15,38
709,53,19,9, 25, 15,38
710,53,19,9, 25, 15,38
711,53,19,9, 25, 15,38
712,53,19,9, 25, 15,38
713,53,19,9, 25, 15,38
714,53,19,9, 25, 15,38
715,53,19,9, 25, 15,38
716,53,19,9, 25, 15,38
717,53,19,9, 25, 15,38
718,53,19,9, 25, 15,38
719,53,19,9, 25, 15,38
720,53,19,9, 25, 15,38
721,53,19,9, 25, 15,38
722,53,19,9, 25, 15,38
723,53,19,9, 25, 15,38
724,53,19,9, 25, 15,38
725,53,19,9, 25, 15,38
726,53,19,9, 25, 15,38
727,53,19,9, 25, 15,38
728,53,19,9, 25, 15,38
729,53,19,9, 25, 15,38
730,53,19,9, 25, 15,38
731,54,20,9, 25, 16,38
732,54,20,9, 25, 16,38
733,54,20,9, 25, 16,38
734,55,21,9, 25, 17,38
735,55,21,9, 25, 17,38
736,56,22,9, 25, 18,38
737,56,22,9, 25, 18,38
738,56,22,9, 25, 18,38
739,56,22,9, 25, 18,38
740,56,22,9, 25, 18,38
741,56,22,9, 25, 18,38
742,56,22,9, 25, 18,38
743,56,22,9, 25, 18,38
744,57,23,9, 25, 19,38
745,57,23,9, 25, 19,38
746,57,23,9, 25, 19,38
747,57,23,9, 25, 19,38
748,57,23,9, 25, 19,38
749,57,23,9, 25, 19,38
750,58,24,9, 25, 20,38
751,58,24,9, 25, 20,38
752,58,24,9, 25, 20,38
753,58,24,9, 25, 20,38
754,58,24,9, 25, 20,38
755,58,24,9, 25, 20,38
756,58,24,9, 25, 20,38
757,58,24,9, 25, 20,38
758,58,24,9, 25, 20,38
759,58,24,9, 25, 20,38
760,58,24,9, 25, 20,38
761,58,24,9, 25, 20,38
762,58,24,9, 25, 20,38
763,58,24,9, 25, 20,38
764,58,24,9, 25, 20,38
765,58,24,9, 25, 20,38
766,58,24,9, 25, 20,38
767,58,24,9, 25, 20,38
768,58,24,9, 25, 20,38
769,59,25,9, 25, 21,38
770,59,25,9, 25, 21,38
771,59,25,9, 25, 21,38
772,59,25,9, 25, 21,38
773,60,26,9, 25, 22,38
774,60,26,9, 25, 22,38
775,60,26,9, 25, 22,38
776,60,26,9, 25, 22,38
777,60,26,9, 25, 22,38
778,60,26,9, 25, 22,38
779,60,26,9, 25, 22,38
780,60,26,9, 25, 22,38
781,60,26,9, 25, 22,38
782,60,26,9, 25, 22,38
783,60,26,9, 25, 22,38
784,60,26,9, 25, 22,38
785,60,26,9, 25, 22,38
786,60,26,9, 25, 22,38
787,60,26,9, 25, 22,38
788,60,26,9, 25, 22,38
789,60,26,9, 25, 22,38
790,60,26,9, 25, 22,38
791,60,26,9, 25, 22,38
792,60,26,9, 25, 22,38
793,60,26,9, 25, 22,38
794,60,26,9, 25, 22,38
795,60,26,9, 25, 22,38
796,60,26,9, 25, 22,38
797,60,26,9, 25, 22,38
798,60,26,9, 25, 22,38
799,60,26,9, 25, 22,38
800,60,26,9, 25, 22,38
801,60,26,9, 25, 22,38
802,60,26,9, 25, 22,38
803,60,26,9, 25, 22,38
804,60,26,9, 25, 22,38
805,60,26,9, 25, 22,38
806,60,26,9, 25, 22,38
807,60,26,9, 25, 22,38
808,60,26,9, 25, 22,38
809,60,26,9, 25, 22,38
810,60,26,9, 25, 22,38
811,60,26,9, 25, 22,38
812,60,26,9, 25, 22,38
813,60,26,9, 25, 22,38
814,60,26,9, 25, 22,38
815,60,26,9, 25, 22,38
816,61,27,9, 25, 23,38
817,61,27,9, 25, 23,38
818,61,27,9, 25, 23,38
819,61,27,9, 25, 23,38
820,61,27,9, 25, 23,38
821,61,27,9, 25, 23,38
822,61,27,9, 25, 23,38
823,61,27,9, 25, 23,38
824,62,27,9, 26, 24,38
825,62,27,9, 26, 24,38
826,62,27,9, 26, 24,38
827,62,27,9, 26, 24,38
828,62,27,9, 26, 24,38
829,63,28,9, 26, 25,38
830,63,28,9, 26, 25,38
831,63,28,9, 26, 25,38
832,63,28,9, 26, 25,38
833,63,28,9, 26, 25,38
834,63,28,9, 26, 25,38
835,63,28,9, 26, 25,38
836,63,28,9, 26, 25,38
837,63,28,9, 26, 25,38
838,63,28,9, 26, 25,38
839,63,28,9, 26, 25,38
840,63,28,9, 26, 25,38
841,63,28,9, 26, 25,38
842,63,28,9, 26, 25,38
843,63,28,9, 26, 25,38
844,63,28,9, 26, 25,38
845,63,28,9, 26, 25,38
846,63,28,9, 26, 25,38
847,63,28,9, 26, 25,38
848,63,28,9, 26, 25,38
849,63,28,9, 26, 25,38
850,63,28,9, 26, 25,38
851,63,28,9, 26, 25,38
852,63,28,9, 26, 25,38
853,63,28,9, 26, 25,38
854,63,28,9, 26, 25,38
855,63,28,9, 26, 25,38
856,63,28,9, 26, 25,38
857,63,28,9, 26, 25,38
858,63,28,9, 26, 25,38
859,63,28,9, 26, 25,38
860,63,28,9, 26, 25,38
861,63,28,9, 26, 25,38
862,63,28,9, 26, 25,38
863,63,28,9, 26, 25,38
864,63,28,9, 26, 25,38
865,63,28,9, 26, 25,38
866,63,28,9, 26, 25,38
867,63,28,9, 26, 25,38
868,63,28,9, 26, 25,38
869,63,28,9, 26, 25,38
870,63,28,9, 26, 25,38
871,63,28,9, 26, 25,38
872,63,28,9, 26, 25,38
873,63,28,9, 26, 25,38
874,63,28,9, 26, 25,38
875,63,28,9, 26, 25,38
876,63,28,9, 26, 25,38
877,63,28,9, 26, 25,38
878,63,28,9, 26, 25,38
879,64,28,10, 26, 26,38
880,64,28,10, 26, 26,38
881,64,28,10, 26, 26,38
882,64,28,10, 26, 26,38
883,64,28,10, 26, 26,38
884,64,28,10, 26, 26,38
885,64,28,10, 26, 26,38
886,64,28,10, 26, 26,38
887,64,28,10, 26, 26,38
888,64,28,10, 26, 26,38
889,64,28,10, 26, 26,38
890,64,28,10, 26, 26,38
891,64,28,10, 26, 26,38
892,64,28,10, 26, 26,38
893,64,28,10, 26, 26,38
894,64,28,10, 26, 26,38
895,64,28,10, 26, 26,38
896,64,28,10, 26, 26,38
897,64,28,10, 26, 26,38
898,64,28,10, 26, 26,38
899,64,28,10, 26, 26,38
900,64,28,10, 26, 26,38
901,64,28,10, 26, 26,38
902,64,28,10, 26, 26,38
903,64,28,10, 26, 26,38
904,64,28,10, 26, 26,38
905,64,28,10, 26, 26,38
906,64,28,10, 26, 26,38
907,64,28,10, 26, 26,38
908,64,28,10, 26, 26,38
909,64,28,10, 26, 26,38
910,64,28,10, 26, 26,38
911,64,28,10, 26, 26,38
912,64,28,10, 26, 26,38
913,64,28,10, 26, 26,38
914,64,28,10, 26, 26,38
915,64,28,10, 26, 26,38
916,64,28,10, 26, 26,38
917,64,28,10, 26, 26,38
918,64,28,10, 26, 26,38
919,64,28,10, 26, 26,38
920,64,28,10, 26, 26,38
921,64,28,10, 26, 26,38
922,64,28,10, 26, 26,38
923,64,28,10, 26, 26,38
924,64,28,10, 26, 26,38
925,64,28,10, 26, 26,38
926,64,28,10, 26, 26,38
927,64,28,10, 26, 26,38
928,64,28,10, 26, 26,38
929,64,28,10, 26, 26,38
930,64,28,10, 26, 26,38
931,64,28,10, 26, 26,38
932,64,28,10, 26, 26,38
933,64,28,10, 26, 26,38
934,64,28,10, 26, 26,38
935,64,28,10, 26, 26,38
936,64,28,10, 26, 26,38
937,64,28,10, 26, 26,38
938,64,28,10, 26, 26,38
939,64,28,10, 26, 26,38
940,64,28,10, 26, 26,38
941,64,28,10, 26, 26,38
942,64,28,10, 26, 26,38
943,64,28,10, 26, 26,38
944,64,28,10, 26, 26,38
945,64,28,10, 26, 26,38
946,64,28,10, 26, 26,38
947,64,28,10, 26, 26,38
948,64,28,10, 26, 26,38
949,64,28,10, 26, 26,38
950,64,28,10, 26, 26,38
951,64,28,10, 26, 26,38
952,64,28,10, 26, 26,38
953,64,28,10, 26, 26,38
954,64,28,10, 26, 26,38
955,64,28,10, 26, 26,38
956,64,28,10, 26, 26,38
957,64,28,10, 26, 26,38
958,64,28,10, 26, 26,38
959,64,28,10, 26, 26,38
960,64,28,10, 26, 26,38
961,64,28,10, 26, 26,38
962,64,28,10, 26, 26,38
963,64,28,10, 26, 26,38
964,64,28,10, 26, 26,38
965,64,28,10, 26, 26,38
966,64,28,10, 26, 26,38
967,64,28,10, 26, 26,38
968,64,28,10, 26, 26,38
969,64,28,10, 26, 26,38
970,64,28,10, 26, 26,38
971,64,28,10, 26, 26,38
972,64,28,10, 26, 26,38
973,64,28,10, 26, 26,38
974,64,28,10, 26, 26,38
975,64,28,10, 26, 26,38
976,64,28,10, 26, 26,38
977,64,28,10, 26, 26,38
978,64,28,10, 26, 26,38
979,64,28,10, 26, 26,38
980,64,28,10, 26, 26,38
981,64,28,10, 26, 26,38
982,64,28,10, 26, 26,38
983,64,28,10, 26, 26,38
984,64,28,10, 26, 26,38
985,64,28,10, 26, 26,38
986,64,28,10, 26, 26,38
987,64,28,10, 26, 26,38
988,64,28,10, 26, 26,38
989,64,28,10, 26, 26,38
990,64,28,10, 26, 26,38
991,64,28,10, 26, 26,38
992,64,28,10, 26, 26,38
993,64,28,10, 26, 26,38
994,64,28,10, 26, 26,38
995,64,28,10, 26, 26,38
996,64,28,10, 26, 26,38
997,64,28,10, 26, 26,38
998,64,28,10, 26, 26,38
999,64,28,10, 26, 26,38
1000,64,28,10, 26, 26,38
1001,64,28,10, 26, 26,38
1002,64,28,10, 26, 26,38
1003,64,28,10, 26, 26,38
1004,64,28,10, 26, 26,38
1005,64,28,10, 26, 26,38
1006,64,28,10, 26, 26,38
1007,64,28,10, 26, 26,38
1008,64,28,10, 26, 26,38
1009,64,28,10, 26, 26,38
1010,64,28,10, 26, 26,38
1011,64,28,10, 26, 26,38
1012,64,28,10, 26, 26,38
1013,64,28,10, 26, 26,38
1014,64,28,10, 26, 26,38
1015,64,28,10, 26, 26,38
1016,64,28,10, 26, 26,38
1017,64,28,10, 26, 26,38
1018,64,28,10, 26, 26,38
1019,64,28,10, 26, 26,38
1020,64,28,10, 26, 26,38
1021,64,28,10, 26, 26,38
1022,64,28,10, 26, 26,38
1023,64,28,10, 26, 26,38
1024,64,28,10, 26, 26,38
1025,64,28,10, 26, 26,38
1026,64,28,10, 26, 26,38
1027,64,28,10, 26, 26,38
1028,64,28,10, 26, 26,38
1029,64,28,10, 26, 26,38
1030,64,28,10, 26, 26,38
1031,64,28,10, 26, 26,38
1032,64,28,10, 26, 26,38
1033,64,28,10, 26, 26,38
1034,64,28,10, 26, 26,38
1035,64,28,10, 26, 26,38
1036,64,28,10, 26, 26,38
1037,64,28,10, 26, 26,38
1038,64,28,10, 26, 26,38
1039,64,28,10, 26, 26,38
1040,64,28,10, 26, 26,38
1041,64,28,10, 26, 26,38
1042,64,28,10, 26, 26,38
1043,64,28,10, 26, 26,38
1044,64,28,10, 26, 26,38
1045,64,28,10, 26, 26,38
1046,64,28,10, 26, 26,38
1047,64,28,10, 26, 26,38
1048,64,28,10, 26, 26,38
1049,64,28,10, 26, 26,38
1050,64,28,10, 26, 26,38
1051,64,28,10, 26, 26,38
1052,64,28,10, 26, 26,38
1053,64,28,10, 26, 26,38
1054,64,28,10, 26, 26,38
1055,64,28,10, 26, 26,38
1056,64,28,10, 26, 26,38
1057,64,28,10, 26, 26,38
1058,64,28,10, 26, 26,38
1059,64,28,10, 26, 26,38
1060,64,28,10, 26, 26,38
1061,64,28,10, 26, 26,38
1062,64,28,10, 26, 26,38
1063,64,28,10, 26, 26,38
1064,64,28,10, 26, 26,38
1065,64,28,10, 26, 26,38
1066,64,28,10, 26, 26,38
1067,64,28,10, 26, 26,38
1068,64,28,10, 26, 26,38
1069,64,28,10, 26, 26,38
1070,64,28,10, 26, 26,38
1071,64,28,10, 26, 26,38
1072,64,28,10, 26, 26,38
1073,64,28,10, 26, 26,38
1074,64,28,10, 26, 26,38
1075,64,28,10, 26, 26,38
1076,64,28,10, 26, 26,38
1077,64,28,10, 26, 26,38
1078,64,28,10, 26, 26,38
1079,64,28,10, 26, 26,38
1080,64,28,10, 26, 26,38
1081,64,28,10, 26, 26,38
1082,64,28,10, 26, 26,38
1083,64,28,10, 26, 26,38
1084,64,28,10, 26, 26,38
1085,64,28,10, 26, 26,38
1086,64,28,10, 26, 26,38
1087,64,28,10, 26, 26,38
1088,64,28,10, 26, 26,38
1089,64,28,10, 26, 26,38
1090,64,28,10, 26, 26,38
1091,64,28,10, 26, 26,38
1092,64,28,10, 26, 26,38
1093,64,28,10, 26, 26,38
1094,64,28,10, 26, 26,38
1095,64,28,10, 26, 26,38
1096,64,28,10, 26, 26,38
1097,64,28,10, 26, 26,38
1098,64,28,10, 26, 26,38
1099,64,28,10, 26, 26,38
1100,64,28,10, 26, 26,38
1101,64,28,10, 26, 26,38
1102,64,28,10, 26, 26,38
1103,64,28,10, 26, 26,38
1104,64,28,10, 26, 26,38
1105,64,28,10, 26, 26,38
1106,64,28,10, 26, 26,38
1107,64,28,10, 26, 26,38
1108,64,28,10, 26, 26,38
1109,64,28,10, 26, 26,38
1110,64,28,10, 26, 26,38
1111,64,28,10, 26, 26,38
1112,64,28,10, 26, 26,38
1113,64,28,10, 26, 26,38
1114,64,28,10, 26, 26,38
1115,64,28,10, 26, 26,38
1116,64,28,10, 26, 26,38
1117,64,28,10, 26, 26,38
1118,64,28,10, 26, 26,38
1119,64,28,10, 26, 26,38
1120,64,28,10, 26, 26,38
1121,64,28,10, 26, 26,38
1122,64,28,10, 26, 26,38
1123,64,28,10, 26, 26,38
1124,64,28,10, 26, 26,38
1125,64,28,10, 26, 26,38
1126,64,28,10, 26, 26,38
1127,64,28,10, 26, 26,38
1128,64,28,10, 26, 26,38
1129,64,28,10, 26, 26,38
1130,64,28,10, 26, 26,38
1131,64,28,10, 26, 26,38
1132,64,28,10, 26, 26,38
1133,64,28,10, 26, 26,38
1134,64,28,10, 26, 26,38
1135,64,28,10, 26, 26,38
1136,64,28,10, 26, 26,38
1137,64,28,10, 26, 26,38
1138,64,28,10, 26, 26,38
1139,64,28,10, 26, 26,38
1140,64,28,10, 26, 26,38
1141,64,28,10, 26, 26,38
1142,64,28,10, 26, 26,38
1143,64,28,10, 26, 26,38
1144,64,28,10, 26, 26,38
1145,64,28,10, 26, 26,38
1146,64,28,10, 26, 26,38
1147,64,28,10, 26, 26,38
1148,64,28,10, 26, 26,38
1149,64,28,10, 26, 26,38
1150,64,28,10, 26, 26,38
1151,64,28,10, 26, 26,38
1152,64,28,10, 26, 26,38
1153,64,28,10, 26, 26,38
1154,64,28,10, 26, 26,38
1155,64,28,10, 26, 26,38
1156,64,28,10, 26, 26,38
1157,64,28,10, 26, 26,38
1158,64,28,10, 26, 26,38
1159,64,28,10, 26, 26,38
1160,64,28,10, 26, 26,38
1161,64,28,10, 26, 26,38
1162,64,28,10, 26, 26,38
1163,64,28,10, 26, 26,38
1164,64,28,10, 26, 26,38
1165,64,28,10, 26, 26,38
1166,65,28,10, 27, 27,38
1167,65,28,10, 27, 27,38
1168,65,28,10, 27, 27,38
1169,65,28,10, 27, 27,38
1170,65,28,10, 27, 27,38
1171,65,28,10, 27, 27,38
1172,65,28,10, 27, 27,38
1173,65,28,10, 27, 27,38
1174,65,28,10, 27, 27,38
1175,65,28,10, 27, 27,38
1176,65,28,10, 27, 27,38
1177,65,28,10, 27, 27,38
1178,65,28,10, 27, 27,38
1179,65,28,10, 27, 27,38
1180,65,28,10, 27, 27,38
1181,65,28,10, 27, 27,38
1182,65,28,10, 27, 27,38
1183,65,28,10, 27, 27,38
1184,65,28,10, 27, 27,38
1185,65,28,10, 27, 27,38
1186,65,28,10, 27, 27,38
1187,65,28,10, 27, 27,38
1188,65,28,10, 27, 27,38
1189,65,28,10, 27, 27,38
1190,65,28,10, 27, 27,38
1191,65,28,10, 27, 27,38
1192,65,28,10, 27, 27,38
1193,65,28,10, 27, 27,38
1194,65,28,10, 27, 27,38
1195,65,28,10, 27, 27,38
1196,65,28,10, 27, 27,38
1197,65,28,10, 27, 27,38
1198,65,28,10, 27, 27,38
1199,65,28,10, 27, 27,38
1200,65,28,10, 27, 27,38
1201,65,28,10, 27, 27,38
1202,65,28,10, 27, 27,38
1203,65,28,10, 27, 27,38
1204,65,28,10, 27, 27,38
1205,65,28,10, 27, 27,38
1206,65,28,10, 27, 27,38
1207,65,28,10, 27, 27,38
1208,65,28,10, 27, 27,38
1209,65,28,10, 27, 27,38
1210,65,28,10, 27, 27,38
1211,65,28,10, 27, 27,38
1212,65,28,10, 27, 27,38
1213,65,28,10, 27, 27,38
1214,65,28,10, 27, 27,38
1215,65,28,10, 27, 27,38
1216,65,28,10, 27, 27,38
1217,65,28,10, 27, 27,38
1218,65,28,10, 27, 27,38
1219,65,28,10, 27, 27,38
1220,65,28,10, 27, 27,38
1221,65,28,10, 27, 27,38
1222,65,28,10, 27, 27,38
1223,65,28,10, 27, 27,38
1224,65,28,10, 27, 27,38
1225,65,28,10, 27, 27,38
1226,65,28,10, 27, 27,38
1227,65,28,10, 27, 27,38
1228,65,28,10, 27, 27,38
1229,65,28,10, 27, 27,38
1230,65,28,10, 27, 27,38
1231,65,28,10, 27, 27,38
1232,65,28,10, 27, 27,38
1233,65,28,10, 27, 27,38
1234,65,28,10, 27, 27,38
1235,65,28,10, 27, 27,38
1236,65,28,10, 27, 27,38
1237,65,28,10, 27, 27,38
1238,65,28,10, 27, 27,38
1239,65,28,10, 27, 27,38
1240,65,28,10, 27, 27,38
1241,65,28,10, 27, 27,38
1242,65,28,10, 27, 27,38
1243,65,28,10, 27, 27,38
1244,65,28,10, 27, 27,38
1245,65,28,10, 27, 27,38
1246,65,28,10, 27, 27,38
1247,65,28,10, 27, 27,38
1248,65,28,10, 27, 27,38
1249,65,28,10, 27, 27,38
1250,65,28,10, 27, 27,38
1251,65,28,10, 27, 27,38
1252,65,28,10, 27, 27,38
1253,65,28,10, 27, 27,38
1254,65,28,10, 27, 27,38
1255,65,28,10, 27, 27,38
1256,65,28,10, 27, 27,38
1257,65,28,10, 27, 27,38
1258,65,28,10, 27, 27,38
1259,65,28,10, 27, 27,38
1260,65,28,10, 27, 27,38
1261,65,28,10, 27, 27,38
1262,65,28,10, 27, 27,38
1263,65,28,10, 27, 27,38
1264,65,28,10, 27, 27,38
1265,65,28,10, 27, 27,38
1266,66,28,11, 27, 28,38
1267,66,28,11, 27, 28,38
1268,66,28,11, 27, 28,38
1269,66,28,11, 27, 28,38
1270,66,28,11, 27, 28,38
1271,66,28,11, 27, 28,38
1272,66,28,11, 27, 28,38
1273,66,28,11, 27, 28,38
1274,66,28,11, 27, 28,38
1275,66,28,11, 27, 28,38
1276,66,28,11, 27, 28,38
1277,66,28,11, 27, 28,38
1278,66,28,11, 27, 28,38
1279,66,28,11, 27, 28,38
1280,66,28,11, 27, 28,38
1281,66,28,11, 27, 28,38
1282,66,28,11, 27, 28,38
1283,66,28,11, 27, 28,38
1284,66,28,11, 27, 28,38
1285,66,28,11, 27, 28,38
1286,66,28,11, 27, 28,38
1287,66,28,11, 27, 28,38
1288,66,28,11, 27, 28,38
1289,66,28,11, 27, 28,38
1290,66,28,11, 27, 28,38
1291,66,28,11, 27, 28,38
1292,66,28,11, 27, 28,38
1293,66,28,11, 27, 28,38
1294,66,28,11, 27, 28,38
1295,66,28,11, 27, 28,38
1296,66,28,11, 27, 28,38
1297,66,28,11, 27, 28,38
1298,66,28,11, 27, 28,38
1299,66,28,11, 27, 28,38
1300,66,28,11, 27, 28,38
1301,66,28,11, 27, 28,38
1302,66,28,11, 27, 28,38
1303,66,28,11, 27, 28,38
1304,66,28,11, 27, 28,38
1305,66,28,11, 27, 28,38
1306,66,28,11, 27, 28,38
1307,66,28,11, 27, 28,38
1308,66,28,11, 27, 28,38
1309,66,28,11, 27, 28,38
1310,66,28,11, 27, 28,38
1311,66,28,11, 27, 28,38
1312,66,28,11, 27, 28,38
1313,66,28,11, 27, 28,38
1314,66,28,11, 27, 28,38
1315,66,28,11, 27, 28,38
1316,66,28,11, 27, 28,38
1317,66,28,11, 27, 28,38
1318,66,28,11, 27, 28,38
1319,66,28,11, 27, 28,38
1320,66,28,11, 27, 28,38
1321,66,28,11, 27, 28,38
1322,66,28,11, 27, 28,38
1323,66,28,11, 27, 28,38
1324,66,28,11, 27, 28,38
1325,66,28,11, 27, 28,38
1326,66,28,11, 27, 28,38
1327,66,28,11, 27, 28,38
1328,66,28,11, 27, 28,38
1329,66,28,11, 27, 28,38
1330,66,28,11, 27, 28,38
1331,66,28,11, 27, 28,38
1332,66,28,11, 27, 28,38
1333,66,28,11, 27, 28,38
1334,66,28,11, 27, 28,38
1335,66,28,11, 27, 28,38
1336,66,28,11, 27, 28,38
1337,66,28,11, 27, 28,38
1338,66,28,11, 27, 28,38
1339,66,28,11, 27, 28,38
1340,66,28,11, 27, 28,38
1341,66,28,11, 27, 28,38
1342,66,28,11, 27, 28,38
1343,66,28,11, 27, 28,38
1344,66,28,11, 27, 28,38
1345,66,28,11, 27, 28,38
1346,66,28,11, 27, 28,38
1347,66,28,11, 27, 28,38
1348,66,28,11, 27, 28,38
1349,66,28,11, 27, 28,38
1350,66,28,11, 27, 28,38
1351,66,28,11, 27, 28,38
1352,66,28,11, 27, 28,38
1353,66,28,11, 27, 28,38
1354,66,28,11, 27, 28,38
1355,66,28,11, 27, 28,38
1356,66,28,11, 27, 28,38
1357,66,28,11, 27, 28,38
1358,66,28,11, 27, 28,38
1359,66,28,11, 27, 28,38
1360,66,28,11, 27, 28,38
1361,66,28,11, 27, 28,38
1362,66,28,11, 27, 28,38
1363,66,28,11, 27, 28,38
1364,66,28,11, 27, 28,38
1365,66,28,11, 27, 28,38
1366,66,28,11, 27, 28,38
1367,66,28,11, 27, 28,38
1368,66,28,11, 27, 28,38
1369,66,28,11, 27, 28,38
1370,66,28,11, 27, 28,38
1371,66,28,11, 27, 28,38
1372,66,28,11, 27, 28,38
1373,66,28,11, 27, 28,38
1374,66,28,11, 27, 28,38
1375,66,28,11, 27, 28,38
1376,66,28,11, 27, 28,38
1377,66,28,11, 27, 28,38
1378,66,28,11, 27, 28,38
1379,66,28,11, 27, 28,38
1380,66,28,11, 27, 28,38
1381,66,28,11, 27, 28,38
1382,66,28,11, 27, 28,38
1383,66,28,11, 27, 28,38
1384,66,28,11, 27, 28,38
1385,66,28,11, 27, 28,38
1386,66,28,11, 27, 28,38
1387,66,28,11, 27, 28,38
1388,66,28,11, 27, 28,38
1389,66,28,11, 27, 28,38
1390,66,28,11, 27, 28,38
1391,66,28,11, 27, 28,38
1392,66,28,11, 27, 28,38
1393,66,28,11, 27, 28,38
1394,66,28,11, 27, 28,38
1395,66,28,11, 27, 28,38
1396,66,28,11, 27, 28,38
1397,66,28,11, 27, 28,38
1398,66,28,11, 27, 28,38
1399,66,28,11, 27, 28,38
1400,66,28,11, 27, 28,38
1401,66,28,11, 27, 28,38
1402,66,28,11, 27, 28,38
1403,67,28,12, 27, 29,38
1404,67,28,12, 27, 29,38
1405,67,28,12, 27, 29,38
1406,67,28,12, 27, 29,38
1407,67,28,12, 27, 29,38
1408,67,28,12, 27, 29,38
1409,67,28,12, 27, 29,38
1410,67,28,12, 27, 29,38
1411,67,28,12, 27, 29,38
1412,67,28,12, 27, 29,38
1413,67,28,12, 27, 29,38
1414,67,28,12, 27, 29,38
1415,67,28,12, 27, 29,38
1416,67,28,12, 27, 29,38
1417,67,28,12, 27, 29,38
1418,67,28,12, 27, 29,38
1419,67,28,12, 27, 29,38
1420,67,28,12, 27, 29,38
1421,67,28,12, 27, 29,38
1422,67,28,12, 27, 29,38
1423,67,28,12, 27, 29,38
1424,67,28,12, 27, 29,38
1425,67,28,12, 27, 29,38
1426,67,28,12, 27, 29,38
1427,67,28,12, 27, 29,38
1428,67,28,12, 27, 29,38
1429,67,28,12, 27, 29,38
1430,67,28,12, 27, 29,38
1431,67,28,12, 27, 29,38
1432,67,28,12, 27, 29,38
1433,67,28,12, 27, 29,38
1434,67,28,12, 27, 29,38
1435,67,28,12, 27, 29,38
1436,67,28,12, 27, 29,38
1437,67,28,12, 27, 29,38
1438,67,28,12, 27, 29,38
1439,67,28,12, 27, 29,38
1440,67,28,12, 27, 29,38
1441,67,28,12, 27, 29,38
1442,67,28,12, 27, 29,38
1443,67,28,12, 27, 29,38
1444,67,28,12, 27, 29,38
1445,67,28,12, 27, 29,38
1446,67,28,12, 27, 29,38
1447,67,28,12, 27, 29,38
1448,67,28,12, 27, 29,38
1449,67,28,12, 27, 29,38
1450,67,28,12, 27, 29,38
1451,67,28,12, 27, 29,38
1452,67,28,12, 27, 29,38
1453,67,28,12, 27, 29,38
1454,67,28,12, 27, 29,38
1455,67,28,12, 27, 29,38
1456,67,28,12, 27, 29,38
1457,67,28,12, 27, 29,38
1458,67,28,12, 27, 29,38
1459,67,28,12, 27, 29,38
1460,67,28,12, 27, 29,38
1461,67,28,12, 27, 29,38
1462,67,28,12, 27, 29,38
1463,67,28,12, 27, 29,38
1464,67,28,12, 27, 29,38
1465,67,28,12, 27, 29,38
1466,67,28,12, 27, 29,38
1467,67,28,12, 27, 29,38
1468,67,28,12, 27, 29,38
1469,67,28,12, 27, 29,38
1470,67,28,12, 27, 29,38
1471,67,28,12, 27, 29,38
1472,67,28,12, 27, 29,38
1473,68,28,12, 28, 30,38
1474,68,28,12, 28, 30,38
1475,68,28,12, 28, 30,38
1476,68,28,12, 28, 30,38
1477,68,28,12, 28, 30,38
1478,68,28,12, 28, 30,38
1479,68,28,12, 28, 30,38
1480,68,28,12, 28, 30,38
1481,68,28,12, 28, 30,38
1482,68,28,12, 28, 30,38
1483,68,28,12, 28, 30,38
1484,68,28,12, 28, 30,38
1485,68,28,12, 28, 30,38
1486,68,28,12, 28, 30,38
1487,68,28,12, 28, 30,38
1488,68,28,12, 28, 30,38
1489,68,28,12, 28, 30,38
1490,68,28,12, 28, 30,38
1491,68,28,12, 28, 30,38
1492,68,28,12, 28, 30,38
1493,68,28,12, 28, 30,38
1494,68,28,12, 28, 30,38
1495,68,28,12, 28, 30,38
1496,68,28,12, 28, 30,38
1497,68,28,12, 28, 30,38
1498,68,28,12, 28, 30,38
1499,68,28,12, 28, 30,38
1500,68,28,12, 28, 30,38
1501,68,28,12, 28, 30,38
1502,68,28,12, 28, 30,38
1503,68,28,12, 28, 30,38
1504,68,28,12, 28, 30,38
1505,68,28,12, 28, 30,38
1506,68,28,12, 28, 30,38
1507,68,28,12, 28, 30,38
1508,68,28,12, 28, 30,38
1509,68,28,12, 28, 30,38
1510,68,28,12, 28, 30,38
1511,68,28,12, 28, 30,38
1512,68,28,12, 28, 30,38
1513,68,28,12, 28, 30,38
1514,68,28,12, 28, 30,38
1515,68,28,12, 28, 30,38
1516,68,28,12, 28, 30,38
1517,68,28,12, 28, 30,38
1518,68,28,12, 28, 30,38
1519,68,28,12, 28, 30,38
1520,68,28,12, 28, 30,38
1521,68,28,12, 28, 30,38
1522,68,28,12, 28, 30,38
1523,68,28,12, 28, 30,38
1524,68,28,12, 28, 30,38
1525,68,28,12, 28, 30,38
1526,68,28,12, 28, 30,38
1527,68,28,12, 28, 30,38
1528,68,28,12, 28, 30,38
1529,68,28,12, 28, 30,38
1530,68,28,12, 28, 30,38
1531,68,28,12, 28, 30,38
1532,68,28,12, 28, 30,38
1533,68,28,12, 28, 30,38
1534,68,28,12, 28, 30,38
1535,68,28,12, 28, 30,38
1536,68,28,12, 28, 30,38
1537,68,28,12, 28, 30,38
1538,68,28,12, 28, 30,38
1539,68,28,12, 28, 30,38
1540,68,28,12, 28, 30,38
1541,68,28,12, 28, 30,38
1542,68,28,12, 28, 30,38
1543,68,28,12, 28, 30,38
1544,68,28,12, 28, 30,38
1545,68,28,12, 28, 30,38
1546,68,28,12, 28, 30,38
1547,68,28,12, 28, 30,38
1548,68,28,12, 28, 30,38
1549,68,28,12, 28, 30,38
1550,68,28,12, 28, 30,38
1551,68,28,12, 28, 30,38
1552,68,28,12, 28, 30,38
1553,68,28,12, 28, 30,38
1554,68,28,12, 28, 30,38
1555,68,28,12, 28, 30,38
1556,68,28,12, 28, 30,38
1557,68,28,12, 28, 30,38
1558,68,28,12, 28, 30,38
1559,68,28,12, 28, 30,38
1560,68,28,12, 28, 30,38
1561,68,28,12, 28, 30,38
1562,68,28,12, 28, 30,38
1563,68,28,12, 28, 30,38
1564,68,28,12, 28, 30,38
1565,68,28,12, 28, 30,38
1566,68,28,12, 28, 30,38
1567,68,28,12, 28, 30,38
1568,68,28,12, 28, 30,38
1569,68,28,12, 28, 30,38
1570,68,28,12, 28, 30,38
1571,68,28,12, 28, 30,38
1572,68,28,12, 28, 30,38
1573,68,28,12, 28, 30,38
1574,68,28,12, 28, 30,38
1575,68,28,12, 28, 30,38
1576,68,28,12, 28, 30,38
1577,68,28,12, 28, 30,38
1578,68,28,12, 28, 30,38
1579,68,28,12, 28, 30,38
1580,68,28,12, 28, 30,38
1581,68,28,12, 28, 30,38
1582,68,28,12, 28, 30,38
1583,68,28,12, 28, 30,38
1584,68,28,12, 28, 30,38
1585,68,28,12, 28, 30,38
1586,68,28,12, 28, 30,38
1587,68,28,12, 28, 30,38
1588,68,28,12, 28, 30,38
1589,68,28,12, 28, 30,38
1590,68,28,12, 28, 30,38
1591,68,28,12, 28, 30,38
1592,68,28,12, 28, 30,38
1593,68,28,12, 28, 30,38
1594,68,28,12, 28, 30,38
1595,68,28,12, 28, 30,38
1596,68,28,12, 28, 30,38
1597,68,28,12, 28, 30,38
1598,68,28,12, 28, 30,38
1599,68,28,12, 28, 30,38
1600,68,28,12, 28, 30,38
1601,68,28,12, 28, 30,38
1602,68,28,12, 28, 30,38
1603,68,28,12, 28, 30,38
1604,68,28,12, 28, 30,38
1605,68,28,12, 28, 30,38
1606,68,28,12, 28, 30,38
1607,68,28,12, 28, 30,38
1608,68,28,12, 28, 30,38
1609,68,28,12, 28, 30,38
1610,68,28,12, 28, 30,38
1611,68,28,12, 28, 30,38
1612,68,28,12, 28, 30,38
1613,68,28,12, 28, 30,38
1614,68,28,12, 28, 30,38
1615,68,28,12, 28, 30,38
1616,68,28,12, 28, 30,38
1617,68,28,12, 28, 30,38
1618,68,28,12, 28, 30,38
1619,68,28,12, 28, 30,38
1620,68,28,12, 28, 30,38
1621,68,28,12, 28, 30,38
1622,68,28,12, 28, 30,38
1623,68,28,12, 28, 30,38
1624,68,28,12, 28, 30,38
1625,68,28,12, 28, 30,38
1626,68,28,12, 28, 30,38
1627,68,28,12, 28, 30,38
1628,68,28,12, 28, 30,38
1629,68,28,12, 28, 30,38
1630,68,28,12, 28, 30,38
1631,68,28,12, 28, 30,38
1632,68,28,12, 28, 30,38
1633,68,28,12, 28, 30,38
1634,68,28,12, 28, 30,38
1635,68,28,12, 28, 30,38
1636,68,28,12, 28, 30,38
1637,68,28,12, 28, 30,38
1638,68,28,12, 28, 30,38
1639,68,28,12, 28, 30,38
1640,68,28,12, 28, 30,38
1641,68,28,12, 28, 30,38
1642,68,28,12, 28, 30,38
1643,68,28,12, 28, 30,38
1644,68,28,12, 28, 30,38
1645,68,28,12, 28, 30,38
1646,68,28,12, 28, 30,38
1647,68,28,12, 28, 30,38
1648,68,28,12, 28, 30,38
1649,68,28,12, 28, 30,38
1650,68,28,12, 28, 30,38
1651,68,28,12, 28, 30,38
1652,68,28,12, 28, 30,38
1653,68,28,12, 28, 30,38
1654,68,28,12, 28, 30,38
1655,68,28,12, 28, 30,38
1656,68,28,12, 28, 30,38
1657,68,28,12, 28, 30,38
1658,68,28,12, 28, 30,38
1659,68,28,12, 28, 30,38
1660,68,28,12, 28, 30,38
1661,68,28,12, 28, 30,38
1662,68,28,12, 28, 30,38
1663,68,28,12, 28, 30,38
1664,68,28,12, 28, 30,38
1665,68,28,12, 28, 30,38
1666,68,28,12, 28, 30,38
1667,68,28,12, 28, 30,38
1668,68,28,12, 28, 30,38
1669,68,28,12, 28, 30,38
1670,68,28,12, 28, 30,38
1671,68,28,12, 28, 30,38
1672,68,28,12, 28, 30,38
1673,68,28,12, 28, 30,38
1674,68,28,12, 28, 30,38
1675,68,28,12, 28, 30,38
1676,68,28,12, 28, 30,38
1677,68,28,12, 28, 30,38
1678,68,28,12, 28, 30,38
1679,68,28,12, 28, 30,38
1680,68,28,12, 28, 30,38
1681,68,28,12, 28, 30,38
1682,68,28,12, 28, 30,38
1683,68,28,12, 28, 30,38
1684,68,28,12, 28, 30,38
1685,68,28,12, 28, 30,38
1686,68,28,12, 28, 30,38
1687,68,28,12, 28, 30,38
1688,68,28,12, 28, 30,38
1689,68,28,12, 28, 30,38
1690,68,28,12, 28, 30,38
1691,68,28,12, 28, 30,38
1692,68,28,12, 28, 30,38
1693,68,28,12, 28, 30,38
1694,68,28,12, 28, 30,38
1695,68,28,12, 28, 30,38
1696,68,28,12, 28, 30,38
1697,68,28,12, 28, 30,38
1698,68,28,12, 28, 30,38
1699,68,28,12, 28, 30,38
1700,68,28,12, 28, 30,38
1701,68,28,12, 28, 30,38
1702,68,28,12, 28, 30,38
1703,68,28,12, 28, 30,38
1704,68,28,12, 28, 30,38
1705,68,28,12, 28, 30,38
1706,68,28,12, 28, 30,38
1707,68,28,12, 28, 30,38
1708,68,28,12, 28, 30,38
1709,68,28,12, 28, 30,38
1710,68,28,12, 28, 30,38
1711,68,28,12, 28, 30,38
1712,68,28,12, 28, 30,38
1713,68,28,12, 28, 30,38
1714,68,28,12, 28, 30,38
1715,68,28,12, 28, 30,38
1716,68,28,12, 28, 30,38
1717,68,28,12, 28, 30,38
1718,68,28,12, 28, 30,38
1719,68,28,12, 28, 30,38
1720,68,28,12, 28, 30,38
1721,68,28,12, 28, 30,38
1722,68,28,12, 28, 30,38
1723,68,28,12, 28, 30,38
1724,68,28,12, 28, 30,38
1725,68,28,12, 28, 30,38
1726,68,28,12, 28, 30,38
1727,68,28,12, 28, 30,38
1728,68,28,12, 28, 30,38
1729,68,28,12, 28, 30,38
1730,68,28,12, 28, 30,38
1731,68,28,12, 28, 30,38
1732,68,28,12, 28, 30,38
1733,69,28,13, 28, 31,38
1734,69,28,13, 28, 31,38
1735,69,28,13, 28, 31,38
1736,69,28,13, 28, 31,38
1737,69,28,13, 28, 31,38
1738,69,28,13, 28, 31,38
1739,69,28,13, 28, 31,38
1740,69,28,13, 28, 31,38
1741,69,28,13, 28, 31,38
1742,69,28,13, 28, 31,38
1743,69,28,13, 28, 31,38
1744,69,28,13, 28, 31,38
1745,69,28,13, 28, 31,38
1746,69,28,13, 28, 31,38
1747,69,28,13, 28, 31,38
1748,69,28,13, 28, 31,38
1749,69,28,13, 28, 31,38
1750,69,28,13, 28, 31,38
1751,69,28,13, 28, 31,38
1752,69,28,13, 28, 31,38
1753,69,28,13, 28, 31,38
1754,69,28,13, 28, 31,38
1755,69,28,13, 28, 31,38
1756,69,28,13, 28, 31,38
1757,69,28,13, 28, 31,38
1758,69,28,13, 28, 31,38
1759,69,28,13, 28, 31,38
1760,69,28,13, 28, 31,38
1761,69,28,13, 28, 31,38
1762,69,28,13, 28, 31,38
1763,69,28,13, 28, 31,38
1764,69,28,13, 28, 31,38
1765,69,28,13, 28, 31,38
1766,69,28,13, 28, 31,38
1767,69,28,13, 28, 31,38
1768,69,28,13, 28, 31,38
1769,69,28,13, 28, 31,38
1770,69,28,13, 28, 31,38
1771,69,28,13, 28, 31,38
1772,70,28,13, 29, 32,38
1773,70,28,13, 29, 32,38
1774,70,28,13, 29, 32,38
1775,70,28,13, 29, 32,38
1776,70,28,13, 29, 32,38
1777,70,28,13, 29, 32,38
1778,70,28,13, 29, 32,38
1779,70,28,13, 29, 32,38
1780,70,28,13, 29, 32,38
1781,70,28,13, 29, 32,38
1782,70,28,13, 29, 32,38
1783,70,28,13, 29, 32,38
1784,70,28,13, 29, 32,38
1785,70,28,13, 29, 32,38
1786,70,28,13, 29, 32,38
1787,70,28,13, 29, 32,38
1788,70,28,13, 29, 32,38
1789,70,28,13, 29, 32,38
1790,70,28,13, 29, 32,38
1791,70,28,13, 29, 32,38
1792,70,28,13, 29, 32,38
1793,70,28,13, 29, 32,38
1794,70,28,13, 29, 32,38
1795,70,28,13, 29, 32,38
1796,70,28,13, 29, 32,38
1797,70,28,13, 29, 32,38
1798,70,28,13, 29, 32,38
1799,70,28,13, 29, 32,38
1800,70,28,13, 29, 32,38
1801,70,28,13, 29, 32,38
1802,70,28,13, 29, 32,38
1803,70,28,13, 29, 32,38
1804,70,28,13, 29, 32,38
1805,70,28,13, 29, 32,38
1806,70,28,13, 29, 32,38
1807,70,28,13, 29, 32,38
1808,70,28,13, 29, 32,38
1809,70,28,13, 29, 32,38
1810,70,28,13, 29, 32,38
1811,70,28,13, 29, 32,38
1812,70,28,13, 29, 32,38
1813,70,28,13, 29, 32,38
1814,70,28,13, 29, 32,38
1815,70,28,13, 29, 32,38
1816,70,28,13, 29, 32,38
1817,70,28,13, 29, 32,38
1818,70,28,13, 29, 32,38
1819,70,28,13, 29, 32,38
1820,70,28,13, 29, 32,38
1821,70,28,13, 29, 32,38
1822,70,28,13, 29, 32,38
1823,70,28,13, 29, 32,38
1824,70,28,13, 29, 32,38
1825,70,28,13, 29, 32,38
1826,70,28,13, 29, 32,38
1827,70,28,13, 29, 32,38
1828,70,28,13, 29, 32,38
1829,70,28,13, 29, 32,38
1830,70,28,13, 29, 32,38
1831,70,28,13, 29, 32,38
1832,71,28,13, 30, 33,38
1833,71,28,13, 30, 33,38
1834,71,28,13, 30, 33,38
1835,71,28,13, 30, 33,38
1836,71,28,13, 30, 33,38
1837,71,28,13, 30, 33,38
1838,71,28,13, 30, 33,38
1839,71,28,13, 30, 33,38
1840,71,28,13, 30, 33,38
1841,71,28,13, 30, 33,38
1842,71,28,13, 30, 33,38
1843,71,28,13, 30, 33,38
1844,71,28,13, 30, 33,38
1845,71,28,13, 30, 33,38
1846,71,28,13, 30, 33,38
1847,71,28,13, 30, 33,38
1848,71,28,13, 30, 33,38
1849,71,28,13, 30, 33,38
1850,71,28,13, 30, 33,38
1851,71,28,13, 30, 33,38
1852,71,28,13, 30, 33,38
1853,71,28,13, 30, 33,38
1854,71,28,13, 30, 33,38
1855,71,28,13, 30, 33,38
1856,71,28,13, 30, 33,38
1857,71,28,13, 30, 33,38
1858,71,28,13, 30, 33,38
1859,71,28,13, 30, 33,38
1860,71,28,13, 30, 33,38
1861,71,28,13, 30, 33,38
1862,71,28,13, 30, 33,38
1863,71,28,13, 30, 33,38
1864,71,28,13, 30, 33,38
1865,71,28,13, 30, 33,38
1866,71,28,13, 30, 33,38
1867,71,28,13, 30, 33,38
1868,71,28,13, 30, 33,38
1869,71,28,13, 30, 33,38
1870,71,28,13, 30, 33,38
1871,71,28,13, 30, 33,38
1872,71,28,13, 30, 33,38
1873,71,28,13, 30, 33,38
1874,71,28,13, 30, 33,38
1875,71,28,13, 30, 33,38
1876,71,28,13, 30, 33,38
1877,71,28,13, 30, 33,38
1878,71,28,13, 30, 33,38
1879,71,28,13, 30, 33,38
1880,71,28,13, 30, 33,38
1881,71,28,13, 30, 33,38
1882,71,28,13, 30, 33,38
1883,71,28,13, 30, 33,38
1884,71,28,13, 30, 33,38
1885,71,28,13, 30, 33,38
1886,71,28,13, 30, 33,38
1887,71,28,13, 30, 33,38
1888,71,28,13, 30, 33,38
1889,71,28,13, 30, 33,38
1890,71,28,13, 30, 33,38
1891,71,28,13, 30, 33,38
1892,71,28,13, 30, 33,38
1893,71,28,13, 30, 33,38
1894,71,28,13, 30, 33,38
1895,71,28,13, 30, 33,38
1896,71,28,13, 30, 33,38
1897,71,28,13, 30, 33,38
1898,71,28,13, 30, 33,38
1899,71,28,13, 30, 33,38
1900,71,28,13, 30, 33,38
1901,71,28,13, 30, 33,38
1902,71,28,13, 30, 33,38
1903,71,28,13, 30, 33,38
1904,71,28,13, 30, 33,38
1905,71,28,13, 30, 33,38
1906,71,28,13, 30, 33,38
1907,71,28,13, 30, 33,38
1908,71,28,13, 30, 33,38
1909,71,28,13, 30, 33,38
1910,71,28,13, 30, 33,38
1911,71,28,13, 30, 33,38
1912,71,28,13, 30, 33,38
1913,71,28,13, 30, 33,38
1914,71,28,13, 30, 33,38
1915,71,28,13, 30, 33,38
1916,71,28,13, 30, 33,38
1917,71,28,13, 30, 33,38
1918,71,28,13, 30, 33,38
1919,71,28,13, 30, 33,38
1920,71,28,13, 30, 33,38
1921,71,28,13, 30, 33,38
1922,71,28,13, 30, 33,38
1923,71,28,13, 30, 33,38
1924,71,28,13, 30, 33,38
1925,71,28,13, 30, 33,38
1926,71,28,13, 30, 33,38
1927,71,28,13, 30, 33,38
1928,71,28,13, 30, 33,38
1929,71,28,13, 30, 33,38
1930,71,28,13, 30, 33,38
1931,71,28,13, 30, 33,38
1932,71,28,13, 30, 33,38
1933,71,28,13, 30, 33,38
1934,71,28,13, 30, 33,38
1935,71,28,13, 30, 33,38
1936,71,28,13, 30, 33,38
1937,71,28,13, 30, 33,38
1938,71,28,13, 30, 33,38
1939,71,28,13, 30, 33,38
1940,71,28,13, 30, 33,38
1941,71,28,13, 30, 33,38
1942,71,28,13, 30, 33,38
1943,71,28,13, 30, 33,38
1944,71,28,13, 30, 33,38
1945,71,28,13, 30, 33,38
1946,71,28,13, 30, 33,38
1947,71,28,13, 30, 33,38
1948,71,28,13, 30, 33,38
1949,71,28,13, 30, 33,38
1950,71,28,13, 30, 33,38
1951,71,28,13, 30, 33,38
1952,71,28,13, 30, 33,38
1953,71,28,13, 30, 33,38
1954,71,28,13, 30, 33,38
1955,71,28,13, 30, 33,38
1956,71,28,13, 30, 33,38
1957,71,28,13, 30, 33,38
1958,71,28,13, 30, 33,38
1959,71,28,13, 30, 33,38
1960,71,28,13, 30, 33,38
1961,71,28,13, 30, 33,38
1962,71,28,13, 30, 33,38
1963,71,28,13, 30, 33,38
1964,71,28,13, 30, 33,38
1965,71,28,13, 30, 33,38
1966,71,28,13, 30, 33,38
1967,71,28,13, 30, 33,38
1968,71,28,13, 30, 33,38
1969,71,28,13, 30, 33,38
1970,71,28,13, 30, 33,38
1971,71,28,13, 30, 33,38
1972,71,28,13, 30, 33,38
1973,71,28,13, 30, 33,38
1974,71,28,13, 30, 33,38
1975,71,28,13, 30, 33,38
1976,71,28,13, 30, 33,38
1977,71,28,13, 30, 33,38
1978,71,28,13, 30, 33,38
1979,71,28,13, 30, 33,38
1980,71,28,13, 30, 33,38
1981,71,28,13, 30, 33,38
1982,71,28,13, 30, 33,38
1983,71,28,13, 30, 33,38
1984,71,28,13, 30, 33,38
1985,71,28,13, 30, 33,38
1986,71,28,13, 30, 33,38
1987,71,28,13, 30, 33,38
1988,71,28,13, 30, 33,38
1989,71,28,13, 30, 33,38
1990,71,28,13, 30, 33,38
1991,71,28,13, 30, 33,38
1992,71,28,13, 30, 33,38
1993,71,28,13, 30, 33,38
1994,71,28,13, 30, 33,38
1995,71,28,13, 30, 33,38
1996,71,28,13, 30, 33,38
1997,71,28,13, 30, 33,38
1998,71,28,13, 30, 33,38
1999,71,28,13, 30, 33,38
2000,71,28,13, 30, 33,38
2001,71,28,13, 30, 33,38
2002,71,28,13, 30, 33,38
2003,71,28,13, 30, 33,38
2004,71,28,13, 30, 33,38
2005,71,28,13, 30, 33,38
2006,71,28,13, 30, 33,38
2007,71,28,13, 30, 33,38
2008,71,28,13, 30, 33,38
2009,71,28,13, 30, 33,38
2010,71,28,13, 30, 33,38
2011,71,28,13, 30, 33,38
2012,71,28,13, 30, 33,38
2013,71,28,13, 30, 33,38
2014,71,28,13, 30, 33,38
2015,71,28,13, 30, 33,38
2016,71,28,13, 30, 33,38
2017,71,28,13, 30, 33,38
2018,71,28,13, 30, 33,38
2019,71,28,13, 30, 33,38
2020,71,28,13, 30, 33,38
2021,71,28,13, 30, 33,38
2022,73,28,13, 32, 35,38
2023,73,28,13, 32, 35,38
2024,73,28,13, 32, 35,38
2025,73,28,13, 32, 35,38
2026,73,28,13, 32, 35,38
2027,73,28,13, 32, 35,38
2028,73,28,13, 32, 35,38
2029,73,28,13, 32, 35,38
2030,73,28,13, 32, 35,38
2031,73,28,13, 32, 35,38
2032,73,28,13, 32, 35,38
2033,73,28,13, 32, 35,38
2034,73,28,13, 32, 35,38
2035,73,28,13, 32, 35,38
2036,73,28,13, 32, 35,38
2037,73,28,13, 32, 35,38
2038,73,28,13, 32, 35,38
2039,73,28,13, 32, 35,38
2040,73,28,13, 32, 35,38
2041,73,28,13, 32, 35,38
2042,73,28,13, 32, 35,38
2043,73,28,13, 32, 35,38
2044,73,28,13, 32, 35,38
2045,73,28,13, 32, 35,38
2046,73,28,13, 32, 35,38
2047,73,28,13, 32, 35,38
2048,73,28,13, 32, 35,38
2049,73,28,13, 32, 35,38
