it,NbRunner,nbSmart,nbNotSmart
0,81,20,60
1,81,20,60
2,81,20,60
3,81,20,60
4,81,20,60
5,81,20,60
6,81,20,60
7,81,20,60
8,81,20,60
9,81,20,60
10,81,20,60
11,81,20,60
12,81,20,60
13,81,20,60
14,80,20,59
15,80,20,59
16,80,20,59
17,80,20,59
18,80,20,59
19,80,20,59
20,80,20,59
21,80,20,59
22,80,20,59
23,80,20,59
24,80,20,59
25,80,20,59
26,80,20,59
27,80,20,59
28,79,20,58
29,79,20,58
30,79,20,58
31,79,20,58
32,78,20,57
33,78,20,57
34,78,20,57
35,78,20,57
36,78,20,57
37,78,20,57
38,78,20,57
39,77,20,56
40,77,20,56
41,77,20,56
42,77,20,56
43,77,20,56
44,77,20,56
45,77,20,56
46,76,20,55
47,75,20,54
48,75,20,54
49,75,20,54
50,75,20,54
51,75,20,54
52,75,20,54
53,75,20,54
54,75,20,54
55,75,20,54
56,75,20,54
57,75,20,54
58,75,20,54
59,75,20,54
60,75,20,54
61,75,20,54
62,75,20,54
63,75,20,54
64,75,20,54
65,75,20,54
66,75,20,54
67,75,20,54
68,75,20,54
69,75,20,54
70,75,20,54
71,75,20,54
72,75,20,54
73,75,20,54
74,75,20,54
75,75,20,54
76,75,20,54
77,75,20,54
78,75,20,54
79,75,20,54
80,75,20,54
81,75,20,54
82,75,20,54
83,75,20,54
84,75,20,54
85,75,20,54
86,75,20,54
87,75,20,54
88,75,20,54
89,75,20,54
90,75,20,54
91,74,20,53
92,74,20,53
93,74,20,53
94,74,20,53
95,74,20,53
96,74,20,53
97,74,20,53
98,74,20,53
99,74,20,53
100,73,20,52
101,73,20,52
102,73,20,52
103,73,20,52
104,73,20,52
105,73,20,52
106,73,20,52
107,73,20,52
108,73,20,52
109,73,20,52
110,73,20,52
111,73,20,52
112,73,20,52
113,72,20,51
114,72,20,51
115,72,20,51
116,72,20,51
117,72,20,51
118,72,20,51
119,72,20,51
120,72,20,51
121,72,20,51
122,72,20,51
123,72,20,51
124,71,20,50
125,71,20,50
126,70,19,50
127,70,19,50
128,70,19,50
129,70,19,50
130,70,19,50
131,68,19,48
132,68,19,48
133,68,19,48
134,67,19,47
135,67,19,47
136,67,19,47
137,66,19,46
138,66,19,46
139,66,19,46
140,66,19,46
141,66,19,46
142,66,19,46
143,66,19,46
144,66,19,46
145,66,19,46
146,65,19,45
147,63,18,44
148,63,18,44
149,63,18,44
150,63,18,44
151,63,18,44
152,63,18,44
153,62,18,43
154,62,18,43
155,62,18,43
156,62,18,43
157,62,18,43
158,62,18,43
159,62,18,43
160,62,18,43
161,62,18,43
162,62,18,43
163,62,18,43
164,62,18,43
165,62,18,43
166,62,18,43
167,62,18,43
168,62,18,43
169,62,18,43
170,62,18,43
171,62,18,43
172,61,18,42
173,61,18,42
174,61,18,42
175,61,18,42
176,61,18,42
177,61,18,42
178,61,18,42
179,61,18,42
180,61,18,42
181,61,18,42
182,61,18,42
183,61,18,42
184,61,18,42
185,61,18,42
186,61,18,42
187,61,18,42
188,61,18,42
189,61,18,42
190,61,18,42
191,61,18,42
192,61,18,42
193,61,18,42
194,61,18,42
195,61,18,42
196,61,18,42
197,61,18,42
198,61,18,42
199,61,18,42
200,61,18,42
201,60,18,41
202,60,18,41
203,60,18,41
204,60,18,41
205,60,18,41
206,60,18,41
207,60,18,41
208,60,18,41
209,60,18,41
210,60,18,41
211,60,18,41
212,60,18,41
213,60,18,41
214,59,18,40
215,59,18,40
216,59,18,40
217,59,18,40
218,59,18,40
219,58,17,40
220,58,17,40
221,58,17,40
222,58,17,40
223,57,17,39
224,57,17,39
225,57,17,39
226,56,17,38
227,56,17,38
228,56,17,38
229,56,17,38
230,56,17,38
231,56,17,38
232,56,17,38
233,56,17,38
234,56,17,38
235,56,17,38
236,56,17,38
237,56,17,38
238,56,17,38
239,56,17,38
240,56,17,38
241,56,17,38
242,56,17,38
243,56,17,38
244,56,17,38
245,56,17,38
246,56,17,38
247,56,17,38
248,55,16,38
249,55,16,38
250,55,16,38
251,55,16,38
252,55,16,38
253,55,16,38
254,55,16,38
255,55,16,38
256,55,16,38
257,55,16,38
258,55,16,38
259,55,16,38
260,55,16,38
261,55,16,38
262,55,16,38
263,55,16,38
264,55,16,38
265,55,16,38
266,55,16,38
267,55,16,38
268,55,16,38
269,55,16,38
270,54,15,38
271,54,15,38
272,54,15,38
273,54,15,38
274,53,15,37
275,53,15,37
276,53,15,37
277,53,15,37
278,52,15,36
279,52,15,36
280,52,15,36
281,52,15,36
282,52,15,36
283,52,15,36
284,52,15,36
285,52,15,36
286,52,15,36
287,52,15,36
288,52,15,36
289,51,15,35
290,51,15,35
291,50,15,34
292,50,15,34
293,50,15,34
294,50,15,34
295,50,15,34
296,50,15,34
297,50,15,34
298,50,15,34
299,50,15,34
300,49,15,33
301,49,15,33
302,48,15,32
303,46,15,30
304,46,15,30
305,46,15,30
306,46,15,30
307,46,15,30
308,46,15,30
309,46,15,30
310,46,15,30
311,45,15,29
312,44,15,28
313,42,14,27
314,42,14,27
315,41,14,26
316,40,14,25
317,40,14,25
318,40,14,25
319,40,14,25
320,40,15,25
321,38,13,25
322,38,13,25
323,38,13,25
324,38,13,25
325,38,13,25
326,38,14,25
327,38,14,25
328,36,13,24
329,36,13,24
330,35,13,24
331,34,13,23
332,33,12,23
333,32,12,22
334,32,13,22
335,32,14,22
336,32,14,22
337,32,14,22
338,32,16,22
339,32,16,22
340,32,16,22
341,32,16,22
342,32,18,22
343,32,18,22
344,32,18,22
345,32,18,22
346,32,18,22
347,32,18,22
348,32,18,22
349,32,18,22
350,32,18,22
351,32,18,22
352,32,18,22
353,32,19,22
354,32,20,22
355,32,21,22
356,32,22,22
357,32,22,22
358,32,22,22
359,32,22,22
360,32,23,22
361,32,23,22
362,32,23,22
363,32,23,22
364,32,23,22
365,32,24,22
366,32,25,22
367,32,26,22
368,32,26,22
369,31,26,21
370,31,26,21
371,31,26,21
372,31,26,21
373,31,27,21
374,31,27,21
375,31,27,21
376,31,27,21
377,31,27,21
378,31,27,21
379,31,27,21
380,31,27,21
381,31,27,21
382,31,28,21
383,31,28,21
384,31,29,21
385,31,29,21
386,31,29,21
387,31,29,21
388,31,29,21
389,31,30,21
390,31,30,21
391,31,30,21
392,31,30,21
393,31,30,21
394,31,30,21
395,31,30,21
396,31,30,21
397,31,30,21
398,31,30,21
399,31,30,21
400,31,30,21
401,31,30,21
402,31,30,21
403,31,30,21
404,31,30,21
405,31,30,21
406,31,30,21
407,31,30,21
408,31,30,21
409,31,30,21
410,31,30,21
411,31,30,21
412,31,30,21
413,31,30,21
414,31,30,21
415,31,30,21
416,31,30,21
417,31,30,21
418,31,30,21
419,31,30,21
420,31,30,21
421,31,30,21
422,31,30,21
423,31,30,21
424,31,30,21
425,31,30,21
426,30,29,21
427,30,29,21
428,30,29,21
429,30,29,21
430,30,29,21
431,30,29,21
432,30,29,21
433,30,29,21
434,30,29,21
435,30,29,21
436,30,29,21
437,30,29,21
438,30,29,21
439,30,29,21
440,30,29,21
441,30,29,21
442,30,29,21
443,30,29,21
444,30,29,21
445,30,29,21
446,30,29,21
447,29,28,21
448,29,28,21
449,29,28,21
450,29,28,21
451,29,28,21
452,28,27,21
453,28,27,21
454,28,27,21
455,28,27,21
456,28,27,21
457,28,27,21
458,28,27,21
459,28,27,21
460,28,27,21
461,28,27,21
462,28,27,21
463,28,27,21
464,28,27,21
465,28,27,21
466,28,27,21
467,28,27,21
468,27,26,21
469,27,26,21
470,27,26,21
471,27,26,21
472,27,26,21
473,27,26,21
474,27,26,21
475,27,26,21
476,27,26,21
477,27,26,21
478,27,26,21
479,27,26,21
480,27,26,21
481,27,26,21
482,27,26,21
483,27,26,21
484,27,26,21
485,27,26,21
486,27,26,21
487,27,26,21
488,27,26,21
489,27,26,21
490,27,26,21
491,27,26,21
492,27,26,21
493,27,26,21
494,27,26,21
495,27,26,21
496,27,26,21
497,27,26,21
498,27,26,21
499,27,26,21
500,27,26,21
501,27,26,21
502,27,26,21
503,27,26,21
504,27,26,21
505,27,26,21
506,27,26,21
507,27,26,21
508,27,26,21
509,27,26,21
510,27,26,21
511,27,26,21
512,27,26,21
513,26,25,21
514,26,25,21
515,26,25,21
516,26,25,21
517,26,25,21
518,26,25,21
519,26,25,21
520,26,25,21
521,26,25,21
522,26,25,21
523,26,25,21
524,26,25,21
525,26,25,21
526,26,25,21
527,26,25,21
528,26,25,21
529,26,25,21
530,25,24,21
531,24,23,21
532,24,23,21
533,24,23,21
534,24,23,21
535,24,23,21
536,24,23,21
537,24,23,21
538,24,23,21
539,24,23,21
540,24,23,21
541,24,23,21
542,24,23,21
543,24,23,21
544,24,23,21
545,24,23,21
546,24,23,21
547,24,23,21
548,24,23,21
549,24,23,21
550,24,23,21
551,24,23,21
552,24,23,21
553,24,23,21
554,24,23,21
555,24,23,21
556,24,23,21
557,24,23,21
558,24,23,21
559,24,23,21
560,24,23,21
561,24,23,21
562,24,23,21
563,24,23,21
564,24,23,21
565,24,23,21
566,24,23,21
567,24,23,21
568,24,23,21
569,24,23,21
570,24,23,21
571,24,23,21
572,24,23,21
573,24,23,21
574,24,23,21
575,24,23,21
576,24,23,21
577,24,23,21
578,24,23,21
579,24,23,21
580,24,23,21
581,24,23,21
582,24,23,21
583,24,23,21
584,24,23,21
585,24,23,21
586,24,23,21
587,24,23,21
588,24,23,21
589,24,23,21
590,24,23,21
591,24,23,21
592,24,23,21
593,24,23,21
594,24,23,21
595,24,23,21
596,24,23,21
597,24,23,21
598,24,23,21
599,24,23,21
600,24,23,21
601,24,23,21
602,24,23,21
603,24,23,21
604,24,23,21
605,24,23,21
606,24,23,21
607,24,23,21
608,24,23,21
609,24,23,21
610,24,23,21
611,24,23,21
612,24,23,21
613,24,23,21
614,24,23,21
615,24,23,21
616,24,23,21
617,24,23,21
618,24,23,21
619,24,23,21
620,24,23,21
621,24,23,21
622,24,23,21
623,24,23,21
624,24,23,21
625,24,23,21
626,24,23,21
627,24,23,21
628,24,23,21
629,24,23,21
630,24,23,21
631,24,23,21
632,24,23,21
633,24,23,21
634,24,23,21
635,24,23,21
636,24,23,21
637,24,23,21
638,24,23,21
639,24,23,21
640,24,23,21
641,24,23,21
642,24,23,21
643,24,23,21
644,24,23,21
645,24,23,21
646,24,23,21
647,24,23,21
648,24,23,21
649,24,23,21
650,24,23,21
651,24,23,21
652,24,23,21
653,24,23,21
654,24,23,21
655,24,23,21
656,24,23,21
657,24,23,21
658,24,23,21
659,24,23,21
660,24,23,21
661,24,23,21
662,24,23,21
663,24,23,21
664,24,23,21
665,24,23,21
666,24,23,21
667,24,23,21
668,24,23,21
669,24,23,21
670,24,23,21
671,24,23,21
672,24,23,21
673,24,23,21
674,24,23,21
675,24,23,21
676,24,23,21
677,24,23,21
678,24,23,21
679,24,23,21
680,24,23,21
681,24,23,21
682,24,23,21
683,24,23,21
684,24,23,21
685,24,23,21
686,24,23,21
687,24,23,21
688,24,23,21
689,24,23,21
690,24,23,21
691,24,23,21
692,24,23,21
693,24,23,21
694,23,22,21
695,23,22,21
696,23,22,21
697,22,21,21
698,22,21,21
699,22,21,21
700,22,21,21
701,22,21,21
702,22,21,21
703,22,21,21
704,22,21,21
705,22,21,21
706,22,21,21
707,22,21,21
708,22,21,21
709,22,21,21
710,22,21,21
711,22,21,21
712,22,21,21
713,22,21,21
714,22,21,21
715,22,21,21
716,22,21,21
717,22,21,21
718,22,21,21
719,22,21,21
720,22,21,21
721,22,21,21
722,22,21,21
723,21,20,21
724,21,20,21
725,21,20,21
726,21,20,21
727,21,20,21
728,21,20,21
729,21,20,21
730,21,20,21
731,21,20,21
732,21,20,21
733,21,20,21
734,21,20,21
735,21,20,21
736,21,20,21
737,21,20,21
738,21,20,21
739,20,19,21
740,20,19,21
741,20,19,21
742,19,18,21
743,18,17,21
744,18,17,21
745,18,17,21
746,18,17,21
747,18,17,21
748,18,17,21
749,18,17,21
750,18,17,21
751,18,17,21
752,18,17,21
753,18,17,21
754,18,17,21
755,18,17,21
756,18,17,21
757,18,17,21
758,18,17,21
759,18,17,21
760,18,17,21
761,18,17,21
762,18,17,21
763,18,17,21
764,18,17,21
765,18,17,21
766,18,17,21
767,18,17,21
768,18,17,21
769,18,17,21
770,18,17,21
771,18,17,21
772,18,17,21
773,18,17,21
774,17,16,21
775,17,16,21
776,17,16,21
777,17,16,21
778,17,16,21
779,17,16,21
780,17,16,21
781,17,16,21
782,17,16,21
783,17,16,21
784,17,16,21
785,17,16,21
786,17,16,21
787,17,16,21
788,17,16,21
789,17,16,21
790,17,16,21
791,17,16,21
792,17,16,21
793,17,16,21
794,17,16,21
795,17,16,21
796,17,16,21
797,17,16,21
798,17,16,21
799,17,16,21
800,17,16,21
801,17,16,21
802,17,16,21
803,17,16,21
804,17,16,21
805,17,16,21
806,17,16,21
807,16,15,21
808,16,15,21
809,16,15,21
810,16,15,21
811,16,15,21
812,16,15,21
813,16,15,21
814,16,15,21
815,16,15,21
816,16,15,21
817,16,15,21
818,16,15,21
819,16,15,21
820,16,15,21
821,16,15,21
822,16,15,21
823,16,15,21
824,16,15,21
825,16,15,21
826,16,15,21
827,16,15,21
828,16,15,21
829,16,15,21
830,16,15,21
831,16,15,21
832,16,15,21
833,16,15,21
834,16,15,21
835,16,15,21
836,16,15,21
837,16,15,21
838,16,15,21
839,16,15,21
840,16,15,21
841,16,15,21
842,16,15,21
843,16,15,21
844,16,15,21
845,16,15,21
846,16,15,21
847,16,15,21
848,16,15,21
849,16,15,21
850,16,15,21
851,16,15,21
852,16,15,21
853,16,15,21
854,16,15,21
855,16,15,21
856,16,15,21
857,16,15,21
858,16,15,21
859,16,15,21
860,16,15,21
861,16,15,21
862,16,15,21
863,16,15,21
864,16,15,21
865,16,15,21
866,16,15,21
867,16,15,21
868,16,15,21
869,16,15,21
870,16,15,21
871,16,15,21
872,16,15,21
873,16,15,21
874,16,15,21
875,16,15,21
876,16,15,21
877,16,15,21
878,16,15,21
879,16,15,21
880,16,15,21
881,16,15,21
882,16,15,21
883,16,15,21
884,16,15,21
885,16,15,21
886,16,15,21
887,16,15,21
888,16,15,21
889,16,15,21
890,16,15,21
891,16,15,21
892,16,15,21
893,16,15,21
894,16,15,21
895,16,15,21
896,16,15,21
897,16,15,21
898,16,15,21
899,16,15,21
900,16,15,21
901,16,15,21
902,16,15,21
903,16,15,21
904,16,15,21
905,16,15,21
906,16,15,21
907,16,15,21
908,16,15,21
909,16,15,21
910,16,15,21
911,16,15,21
912,16,15,21
913,16,15,21
914,16,15,21
915,16,15,21
916,16,15,21
917,16,15,21
918,16,15,21
919,16,15,21
920,16,15,21
921,16,15,21
922,16,15,21
923,16,15,21
924,16,15,21
925,16,15,21
926,16,15,21
927,16,15,21
928,16,15,21
929,16,15,21
930,16,15,21
931,16,15,21
932,16,15,21
933,16,15,21
934,16,15,21
935,16,15,21
936,16,15,21
937,16,15,21
938,16,15,21
939,16,15,21
940,16,15,21
941,16,15,21
942,16,15,21
943,16,15,21
944,16,15,21
945,16,15,21
946,16,15,21
947,16,15,21
948,16,15,21
949,16,15,21
950,16,15,21
951,16,15,21
952,16,15,21
953,16,15,21
954,16,15,21
955,16,15,21
956,16,15,21
957,16,15,21
958,16,15,21
959,16,15,21
960,15,14,21
961,15,14,21
962,15,14,21
963,15,14,21
964,15,14,21
965,15,14,21
966,15,14,21
967,15,14,21
968,15,14,21
969,15,14,21
970,15,14,21
971,15,14,21
972,14,13,21
973,14,13,21
974,14,13,21
975,14,13,21
976,14,13,21
977,14,13,21
978,14,13,21
979,14,13,21
980,14,13,21
981,14,13,21
982,14,13,21
983,14,13,21
984,14,13,21
985,14,13,21
986,14,13,21
987,14,13,21
988,14,13,21
989,14,13,21
990,14,13,21
991,14,13,21
992,14,13,21
993,14,13,21
994,14,13,21
995,14,13,21
996,14,13,21
997,14,13,21
998,14,13,21
999,14,13,21
1000,14,13,21
1001,14,13,21
1002,14,13,21
1003,14,13,21
1004,14,13,21
1005,14,13,21
1006,14,13,21
1007,14,13,21
1008,14,13,21
1009,14,13,21
1010,14,13,21
1011,14,13,21
1012,14,13,21
1013,14,13,21
1014,14,13,21
1015,14,13,21
1016,14,13,21
1017,14,13,21
1018,14,13,21
1019,14,13,21
1020,14,13,21
1021,14,13,21
1022,14,13,21
1023,14,13,21
1024,14,13,21
1025,14,13,21
1026,14,13,21
1027,14,13,21
1028,14,13,21
1029,14,13,21
1030,14,13,21
1031,14,13,21
1032,14,13,21
1033,14,13,21
1034,14,13,21
1035,14,13,21
1036,14,13,21
1037,14,13,21
1038,14,13,21
1039,14,13,21
1040,14,13,21
1041,14,13,21
1042,14,13,21
1043,14,13,21
1044,14,13,21
1045,14,13,21
1046,14,13,21
1047,14,13,21
1048,14,13,21
1049,14,13,21
1050,14,13,21
1051,14,13,21
1052,14,13,21
1053,14,13,21
1054,14,13,21
1055,14,13,21
1056,14,13,21
1057,14,13,21
1058,14,13,21
1059,14,13,21
1060,14,13,21
1061,14,13,21
1062,14,13,21
1063,14,13,21
1064,14,13,21
1065,14,13,21
1066,14,13,21
1067,14,13,21
1068,14,13,21
1069,14,13,21
1070,14,13,21
1071,14,13,21
1072,14,13,21
1073,14,13,21
1074,14,13,21
1075,14,13,21
1076,14,13,21
1077,14,13,21
1078,14,13,21
1079,14,13,21
1080,14,13,21
1081,14,13,21
1082,14,13,21
1083,14,13,21
1084,14,13,21
1085,14,13,21
1086,14,13,21
1087,14,13,21
1088,14,13,21
1089,14,13,21
1090,14,13,21
1091,14,13,21
1092,14,13,21
1093,14,13,21
1094,14,13,21
1095,14,13,21
1096,14,13,21
1097,14,13,21
1098,14,13,21
1099,14,13,21
1100,14,13,21
1101,14,13,21
1102,14,13,21
1103,14,13,21
1104,14,13,21
1105,14,13,21
1106,14,13,21
1107,14,13,21
1108,14,13,21
1109,14,13,21
1110,14,13,21
1111,14,13,21
1112,14,13,21
1113,14,13,21
1114,14,13,21
1115,14,13,21
1116,14,13,21
1117,14,13,21
1118,14,13,21
1119,14,13,21
1120,14,13,21
1121,14,13,21
1122,14,13,21
1123,14,13,21
1124,14,13,21
1125,14,13,21
1126,14,13,21
1127,14,13,21
1128,14,13,21
1129,14,13,21
1130,14,13,21
1131,14,13,21
1132,14,13,21
1133,14,13,21
1134,14,13,21
1135,14,13,21
1136,14,13,21
1137,14,13,21
1138,14,13,21
1139,14,13,21
1140,14,13,21
1141,14,13,21
1142,14,13,21
1143,14,13,21
1144,14,13,21
1145,14,13,21
1146,14,13,21
1147,14,13,21
1148,14,13,21
1149,14,13,21
1150,14,13,21
1151,14,13,21
1152,14,13,21
1153,14,13,21
1154,14,13,21
1155,14,13,21
1156,14,13,21
1157,14,13,21
1158,14,13,21
1159,14,13,21
1160,14,13,21
1161,14,13,21
1162,14,13,21
1163,14,13,21
1164,14,13,21
1165,14,13,21
1166,14,13,21
1167,14,13,21
1168,14,13,21
1169,14,13,21
1170,14,13,21
1171,14,13,21
1172,14,13,21
1173,14,13,21
1174,14,13,21
1175,14,13,21
1176,14,13,21
1177,14,13,21
1178,14,13,21
1179,14,13,21
1180,14,13,21
1181,14,13,21
1182,14,13,21
1183,14,13,21
1184,14,13,21
1185,14,13,21
1186,14,13,21
1187,14,13,21
1188,14,13,21
1189,14,13,21
1190,14,13,21
1191,14,13,21
1192,14,13,21
1193,14,13,21
1194,14,13,21
1195,14,13,21
1196,14,13,21
1197,14,13,21
1198,14,13,21
1199,14,13,21
1200,14,13,21
1201,14,13,21
1202,14,13,21
1203,14,13,21
1204,14,13,21
1205,14,13,21
1206,14,13,21
1207,14,13,21
1208,14,13,21
1209,14,13,21
1210,14,13,21
1211,14,13,21
1212,14,13,21
1213,14,13,21
1214,14,13,21
1215,14,13,21
1216,14,13,21
1217,14,13,21
1218,14,13,21
1219,14,13,21
1220,14,13,21
1221,14,13,21
1222,14,13,21
1223,14,13,21
1224,14,13,21
1225,14,13,21
1226,14,13,21
1227,14,13,21
1228,14,13,21
1229,14,13,21
1230,14,13,21
1231,14,13,21
1232,14,13,21
1233,14,13,21
1234,14,13,21
1235,14,13,21
1236,14,13,21
1237,14,13,21
1238,14,13,21
1239,14,13,21
1240,14,13,21
1241,14,13,21
1242,14,13,21
1243,14,13,21
1244,14,13,21
1245,14,13,21
1246,14,13,21
1247,14,13,21
1248,14,13,21
1249,14,13,21
1250,14,13,21
1251,14,13,21
1252,14,13,21
1253,14,13,21
1254,14,13,21
1255,14,13,21
1256,14,13,21
1257,14,13,21
1258,14,13,21
1259,14,13,21
1260,13,12,21
1261,13,12,21
1262,13,12,21
1263,13,12,21
1264,13,12,21
1265,13,12,21
1266,13,12,21
1267,13,12,21
1268,13,12,21
1269,13,12,21
1270,13,12,21
1271,13,12,21
1272,13,12,21
1273,13,12,21
1274,13,12,21
1275,13,12,21
1276,13,12,21
1277,13,12,21
1278,13,12,21
1279,13,12,21
1280,13,12,21
1281,13,12,21
1282,13,12,21
1283,13,12,21
1284,13,12,21
1285,13,12,21
1286,13,12,21
1287,13,12,21
1288,13,12,21
1289,13,12,21
1290,13,12,21
1291,13,12,21
1292,13,12,21
1293,13,12,21
1294,13,12,21
1295,12,11,21
1296,12,11,21
1297,12,11,21
1298,12,11,21
1299,12,11,21
1300,12,11,21
1301,12,11,21
1302,12,11,21
1303,12,11,21
1304,12,11,21
1305,12,11,21
1306,12,11,21
1307,11,10,21
1308,11,10,21
1309,11,10,21
1310,11,10,21
1311,11,10,21
1312,11,10,21
1313,11,10,21
1314,11,10,21
1315,11,10,21
1316,11,10,21
1317,11,10,21
1318,11,10,21
1319,11,10,21
1320,11,10,21
1321,11,10,21
1322,11,10,21
1323,11,10,21
1324,11,10,21
1325,11,10,21
1326,11,10,21
1327,11,10,21
1328,11,10,21
1329,11,10,21
1330,11,10,21
1331,11,10,21
1332,11,10,21
1333,11,10,21
1334,11,10,21
1335,11,10,21
1336,11,10,21
1337,11,10,21
1338,11,10,21
1339,11,10,21
1340,11,10,21
1341,11,10,21
1342,11,10,21
1343,11,10,21
1344,11,10,21
1345,11,10,21
1346,11,10,21
1347,11,10,21
1348,11,10,21
1349,11,10,21
1350,11,10,21
1351,11,10,21
1352,11,10,21
1353,11,10,21
1354,11,10,21
1355,11,10,21
1356,11,10,21
1357,11,10,21
1358,11,10,21
1359,11,10,21
1360,11,10,21
1361,11,10,21
1362,11,10,21
1363,11,10,21
1364,11,10,21
1365,11,10,21
1366,11,10,21
1367,11,10,21
1368,11,10,21
1369,11,10,21
1370,11,10,21
1371,11,10,21
1372,11,10,21
1373,11,10,21
1374,11,10,21
1375,11,10,21
1376,11,10,21
1377,11,10,21
1378,11,10,21
1379,11,10,21
1380,11,10,21
1381,11,10,21
1382,11,10,21
1383,11,10,21
1384,11,10,21
1385,11,10,21
1386,11,10,21
1387,11,10,21
1388,11,10,21
1389,11,10,21
1390,11,10,21
1391,11,10,21
1392,11,10,21
1393,11,10,21
1394,11,10,21
1395,11,10,21
1396,11,10,21
1397,11,10,21
1398,11,10,21
1399,11,10,21
1400,11,10,21
1401,11,10,21
1402,11,10,21
1403,11,10,21
1404,11,10,21
1405,11,10,21
1406,11,10,21
1407,11,10,21
1408,11,10,21
1409,11,10,21
1410,11,10,21
1411,11,10,21
1412,11,10,21
1413,11,10,21
1414,11,10,21
1415,11,10,21
1416,11,10,21
1417,11,10,21
1418,11,10,21
1419,11,10,21
1420,11,10,21
1421,11,10,21
1422,11,10,21
1423,11,10,21
1424,11,10,21
1425,11,10,21
1426,11,10,21
1427,11,10,21
1428,11,10,21
1429,11,10,21
1430,11,10,21
1431,11,10,21
1432,11,10,21
1433,11,10,21
1434,11,10,21
1435,11,10,21
1436,11,10,21
1437,11,10,21
1438,11,10,21
1439,11,10,21
1440,11,10,21
1441,11,10,21
1442,11,10,21
1443,11,10,21
1444,11,10,21
1445,11,10,21
1446,11,10,21
1447,11,10,21
1448,11,10,21
1449,11,10,21
1450,11,10,21
1451,11,10,21
1452,11,10,21
1453,11,10,21
1454,11,10,21
1455,11,10,21
1456,11,10,21
1457,11,10,21
1458,11,10,21
1459,11,10,21
1460,11,10,21
1461,11,10,21
1462,11,10,21
1463,11,10,21
1464,11,10,21
1465,11,10,21
1466,11,10,21
1467,11,10,21
1468,11,10,21
1469,11,10,21
1470,11,10,21
1471,11,10,21
1472,11,10,21
1473,11,10,21
1474,11,10,21
1475,11,10,21
1476,11,10,21
1477,11,10,21
1478,11,10,21
1479,11,10,21
1480,11,10,21
1481,11,10,21
1482,11,10,21
1483,11,10,21
1484,11,10,21
1485,11,10,21
1486,11,10,21
1487,11,10,21
1488,11,10,21
1489,11,10,21
1490,11,10,21
1491,11,10,21
1492,11,10,21
1493,11,10,21
1494,11,10,21
1495,11,10,21
1496,11,10,21
1497,11,10,21
1498,11,10,21
1499,11,10,21
1500,11,10,21
1501,11,10,21
1502,11,10,21
1503,11,10,21
1504,11,10,21
1505,11,10,21
1506,11,10,21
1507,11,10,21
1508,11,10,21
1509,11,10,21
1510,11,10,21
1511,11,10,21
1512,11,10,21
1513,11,10,21
1514,11,10,21
1515,11,10,21
1516,11,10,21
1517,11,10,21
1518,11,10,21
1519,11,10,21
1520,11,10,21
1521,11,10,21
1522,11,10,21
1523,11,10,21
1524,11,10,21
1525,11,10,21
1526,11,10,21
1527,11,10,21
1528,11,10,21
1529,11,10,21
1530,11,10,21
1531,11,10,21
1532,11,10,21
1533,11,10,21
1534,11,10,21
1535,11,10,21
1536,11,10,21
1537,11,10,21
1538,11,10,21
1539,11,10,21
1540,11,10,21
1541,11,10,21
1542,11,10,21
1543,11,10,21
1544,11,10,21
1545,11,10,21
1546,11,10,21
1547,11,10,21
1548,11,10,21
1549,11,10,21
1550,11,10,21
1551,11,10,21
1552,11,10,21
1553,11,10,21
1554,11,10,21
1555,11,10,21
1556,11,10,21
1557,11,10,21
1558,11,10,21
1559,11,10,21
1560,11,10,21
1561,11,10,21
1562,11,10,21
1563,11,10,21
1564,11,10,21
1565,11,10,21
1566,11,10,21
1567,11,10,21
1568,11,10,21
1569,11,10,21
1570,11,10,21
1571,11,10,21
1572,11,10,21
1573,11,10,21
1574,11,10,21
1575,11,10,21
1576,11,10,21
1577,11,10,21
1578,11,10,21
1579,11,10,21
1580,11,10,21
1581,11,10,21
1582,11,10,21
1583,11,10,21
1584,11,10,21
1585,11,10,21
1586,11,10,21
1587,11,10,21
1588,11,10,21
1589,11,10,21
1590,11,10,21
1591,11,10,21
1592,11,10,21
1593,11,10,21
1594,11,10,21
1595,11,10,21
1596,11,10,21
1597,11,10,21
1598,11,10,21
1599,11,10,21
1600,11,10,21
1601,11,10,21
1602,11,10,21
1603,11,10,21
1604,11,10,21
1605,11,10,21
1606,11,10,21
1607,11,10,21
1608,11,10,21
1609,11,10,21
1610,11,10,21
1611,11,10,21
1612,11,10,21
1613,11,10,21
1614,11,10,21
1615,11,10,21
1616,11,10,21
1617,11,10,21
1618,11,10,21
1619,11,10,21
1620,11,10,21
1621,11,10,21
1622,11,10,21
1623,11,10,21
1624,11,10,21
1625,11,10,21
1626,11,10,21
1627,11,10,21
1628,11,10,21
1629,11,10,21
1630,11,10,21
1631,11,10,21
1632,11,10,21
1633,11,10,21
1634,11,10,21
1635,11,10,21
1636,11,10,21
1637,11,10,21
1638,11,10,21
1639,11,10,21
1640,11,10,21
1641,11,10,21
1642,11,10,21
1643,11,10,21
1644,11,10,21
1645,11,10,21
1646,11,10,21
1647,11,10,21
1648,10,9,21
1649,10,9,21
1650,10,9,21
1651,10,9,21
1652,10,9,21
1653,10,9,21
1654,10,9,21
1655,10,9,21
1656,10,9,21
1657,10,9,21
1658,10,9,21
1659,10,9,21
1660,10,9,21
1661,10,9,21
1662,10,9,21
1663,10,9,21
1664,10,9,21
1665,10,9,21
1666,10,9,21
1667,10,9,21
1668,10,9,21
1669,10,9,21
1670,10,9,21
1671,10,9,21
1672,10,9,21
1673,10,9,21
1674,10,9,21
1675,10,9,21
1676,10,9,21
1677,10,9,21
1678,10,9,21
1679,10,9,21
1680,10,9,21
1681,10,9,21
1682,10,9,21
1683,10,9,21
1684,10,9,21
1685,10,9,21
1686,10,9,21
1687,10,9,21
1688,10,9,21
1689,10,9,21
1690,10,9,21
1691,10,9,21
1692,10,9,21
1693,10,9,21
1694,10,9,21
1695,10,9,21
1696,10,9,21
1697,10,9,21
1698,10,9,21
1699,10,9,21
1700,10,9,21
1701,10,9,21
1702,10,9,21
1703,10,9,21
1704,10,9,21
1705,10,9,21
1706,10,9,21
1707,10,9,21
1708,10,9,21
1709,10,9,21
1710,10,9,21
1711,10,9,21
1712,10,9,21
1713,10,9,21
1714,10,9,21
1715,10,9,21
1716,10,9,21
1717,10,9,21
1718,10,9,21
1719,10,9,21
1720,10,9,21
1721,10,9,21
1722,10,9,21
1723,10,9,21
1724,10,9,21
1725,10,9,21
1726,10,9,21
1727,10,9,21
1728,10,9,21
1729,10,9,21
1730,10,9,21
1731,10,9,21
1732,10,9,21
1733,10,9,21
1734,10,9,21
1735,10,9,21
1736,10,9,21
1737,10,9,21
1738,10,9,21
1739,10,9,21
1740,10,9,21
1741,10,9,21
1742,10,9,21
1743,10,9,21
1744,10,9,21
1745,10,9,21
1746,10,9,21
1747,10,9,21
1748,10,9,21
1749,10,9,21
1750,10,9,21
1751,10,9,21
1752,10,9,21
1753,10,9,21
1754,10,9,21
1755,10,9,21
1756,10,9,21
1757,10,9,21
1758,9,8,21
1759,9,8,21
1760,9,8,21
1761,9,8,21
1762,9,8,21
1763,9,8,21
1764,9,8,21
1765,9,8,21
1766,9,8,21
1767,9,8,21
1768,9,8,21
1769,9,8,21
1770,9,8,21
1771,9,8,21
1772,9,8,21
1773,9,8,21
1774,9,8,21
1775,9,8,21
1776,9,8,21
1777,9,8,21
1778,9,8,21
1779,9,8,21
1780,9,8,21
1781,9,8,21
1782,9,8,21
1783,9,8,21
1784,9,8,21
1785,9,8,21
1786,9,8,21
1787,9,8,21
1788,9,8,21
1789,9,8,21
1790,9,8,21
1791,9,8,21
1792,9,8,21
1793,9,8,21
1794,9,8,21
1795,9,8,21
1796,9,8,21
1797,9,8,21
1798,9,8,21
1799,9,8,21
1800,9,8,21
1801,9,8,21
1802,9,8,21
1803,9,8,21
1804,9,8,21
1805,9,8,21
1806,9,8,21
1807,9,8,21
1808,9,8,21
1809,9,8,21
1810,9,8,21
1811,9,8,21
1812,9,8,21
1813,9,8,21
1814,9,8,21
1815,9,8,21
1816,9,8,21
1817,9,8,21
1818,9,8,21
1819,9,8,21
1820,9,8,21
1821,9,8,21
1822,9,8,21
1823,9,8,21
1824,9,8,21
1825,9,8,21
1826,9,8,21
1827,9,8,21
1828,9,8,21
1829,9,8,21
1830,9,8,21
1831,9,8,21
1832,9,8,21
1833,9,8,21
1834,9,8,21
1835,9,8,21
1836,9,8,21
1837,9,8,21
1838,9,8,21
1839,9,8,21
1840,9,8,21
1841,9,8,21
1842,9,8,21
1843,9,8,21
1844,9,8,21
1845,9,8,21
1846,9,8,21
1847,9,8,21
1848,9,8,21
1849,9,8,21
1850,9,8,21
1851,9,8,21
1852,9,8,21
1853,9,8,21
1854,9,8,21
1855,9,8,21
1856,9,8,21
1857,9,8,21
1858,9,8,21
1859,9,8,21
1860,9,8,21
1861,9,8,21
1862,9,8,21
1863,9,8,21
1864,9,8,21
1865,9,8,21
1866,9,8,21
1867,9,8,21
1868,9,8,21
1869,9,8,21
1870,9,8,21
1871,9,8,21
1872,9,8,21
1873,9,8,21
1874,9,8,21
1875,9,8,21
1876,9,8,21
1877,9,8,21
1878,9,8,21
1879,9,8,21
1880,9,8,21
1881,9,8,21
1882,9,8,21
1883,9,8,21
1884,9,8,21
1885,8,7,21
1886,8,7,21
1887,8,7,21
1888,8,7,21
1889,8,7,21
1890,8,7,21
1891,8,7,21
1892,8,7,21
1893,8,7,21
1894,8,7,21
1895,8,7,21
1896,8,7,21
1897,8,7,21
1898,8,7,21
1899,8,7,21
1900,8,7,21
1901,8,7,21
1902,8,7,21
1903,8,7,21
1904,8,7,21
1905,8,7,21
1906,8,7,21
1907,8,7,21
1908,8,7,21
1909,8,7,21
1910,8,7,21
1911,8,7,21
1912,8,7,21
1913,8,7,21
1914,8,7,21
1915,8,7,21
1916,8,7,21
1917,8,7,21
1918,8,7,21
1919,8,7,21
1920,8,7,21
1921,8,7,21
1922,8,7,21
1923,8,7,21
1924,8,7,21
1925,8,7,21
1926,8,7,21
1927,8,7,21
1928,8,7,21
1929,8,7,21
1930,8,7,21
1931,8,7,21
1932,8,7,21
1933,8,7,21
1934,8,7,21
1935,8,7,21
1936,8,7,21
1937,8,7,21
1938,8,7,21
1939,8,7,21
1940,8,7,21
1941,8,7,21
1942,8,7,21
1943,8,7,21
1944,8,7,21
1945,8,7,21
1946,8,7,21
1947,8,7,21
1948,8,7,21
1949,8,7,21
1950,8,7,21
1951,8,7,21
1952,8,7,21
1953,8,7,21
1954,8,7,21
1955,8,7,21
1956,8,7,21
1957,8,7,21
1958,8,7,21
1959,8,7,21
1960,8,7,21
1961,8,7,21
1962,8,7,21
1963,8,7,21
1964,8,7,21
1965,8,7,21
1966,8,7,21
1967,8,7,21
1968,8,7,21
1969,8,7,21
1970,8,7,21
1971,8,7,21
1972,8,7,21
1973,8,7,21
1974,8,7,21
1975,8,7,21
1976,8,7,21
1977,8,7,21
1978,8,7,21
1979,8,7,21
1980,8,7,21
1981,8,7,21
1982,8,7,21
1983,8,7,21
1984,8,7,21
1985,8,7,21
1986,8,7,21
1987,8,7,21
1988,8,7,21
1989,8,7,21
1990,8,7,21
1991,8,7,21
1992,8,7,21
1993,8,7,21
1994,8,7,21
1995,8,7,21
1996,8,7,21
1997,8,7,21
1998,8,7,21
1999,8,7,21
2000,8,7,21
2001,8,7,21
2002,8,7,21
2003,8,7,21
2004,8,7,21
2005,8,7,21
2006,8,7,21
2007,8,7,21
2008,8,7,21
2009,8,7,21
2010,8,7,21
2011,8,7,21
2012,8,7,21
2013,8,7,21
2014,8,7,21
2015,8,7,21
2016,8,7,21
2017,8,7,21
2018,8,7,21
2019,8,7,21
2020,8,7,21
2021,8,7,21
2022,8,7,21
2023,8,7,21
2024,8,7,21
2025,8,7,21
2026,8,7,21
2027,8,7,21
2028,8,7,21
2029,8,7,21
2030,8,7,21
2031,8,7,21
2032,8,7,21
2033,8,7,21
2034,8,7,21
2035,8,7,21
2036,8,7,21
2037,8,7,21
2038,8,7,21
2039,8,7,21
2040,8,7,21
2041,8,7,21
2042,8,7,21
2043,8,7,21
2044,8,7,21
2045,8,7,21
2046,8,7,21
2047,8,7,21
2048,8,7,21
2049,8,7,21
2050,8,7,21
2051,8,7,21
2052,8,7,21
2053,8,7,21
2054,8,7,21
2055,8,7,21
2056,8,7,21
2057,8,7,21
2058,8,7,21
2059,8,7,21
2060,8,7,21
2061,8,7,21
2062,8,7,21
2063,7,6,21
2064,7,6,21
2065,7,6,21
2066,7,6,21
2067,7,6,21
2068,7,6,21
2069,7,6,21
2070,7,6,21
2071,7,6,21
2072,7,6,21
2073,7,6,21
2074,7,6,21
2075,7,6,21
2076,7,6,21
2077,7,6,21
2078,7,6,21
2079,7,6,21
2080,7,6,21
2081,7,6,21
2082,7,6,21
2083,7,6,21
2084,6,5,21
2085,6,5,21
2086,6,5,21
2087,6,5,21
2088,6,5,21
2089,6,5,21
2090,6,5,21
2091,6,5,21
2092,6,5,21
2093,6,5,21
2094,6,5,21
2095,6,5,21
2096,6,5,21
2097,6,5,21
2098,6,5,21
2099,6,5,21
2100,6,5,21
2101,6,5,21
2102,6,5,21
2103,6,5,21
2104,6,5,21
2105,6,5,21
2106,6,5,21
2107,6,5,21
2108,6,5,21
2109,6,5,21
2110,6,5,21
2111,6,5,21
2112,6,5,21
2113,6,5,21
2114,6,5,21
2115,6,5,21
2116,6,5,21
2117,6,5,21
2118,6,5,21
2119,6,5,21
2120,6,5,21
2121,6,5,21
2122,6,5,21
2123,6,5,21
2124,6,5,21
2125,6,5,21
2126,6,5,21
2127,6,5,21
2128,6,5,21
2129,6,5,21
2130,6,5,21
2131,6,5,21
2132,6,5,21
2133,6,5,21
2134,6,5,21
2135,6,5,21
2136,6,5,21
2137,6,5,21
2138,6,5,21
2139,6,5,21
2140,6,5,21
2141,6,5,21
2142,6,5,21
2143,6,5,21
2144,6,5,21
2145,6,5,21
2146,6,5,21
2147,6,5,21
2148,6,5,21
2149,6,5,21
2150,6,5,21
2151,6,5,21
2152,6,5,21
2153,6,5,21
2154,6,5,21
2155,6,5,21
2156,6,5,21
2157,6,5,21
2158,6,5,21
2159,6,5,21
2160,6,5,21
2161,6,5,21
2162,6,5,21
2163,6,5,21
2164,6,5,21
2165,6,5,21
2166,6,5,21
2167,6,5,21
2168,6,5,21
2169,6,5,21
2170,6,5,21
2171,6,5,21
2172,6,5,21
2173,6,5,21
2174,6,5,21
2175,6,5,21
2176,6,5,21
2177,6,5,21
2178,6,5,21
2179,6,5,21
2180,6,5,21
2181,6,5,21
2182,6,5,21
2183,6,5,21
2184,6,5,21
2185,6,5,21
2186,6,5,21
2187,6,5,21
2188,6,5,21
2189,6,5,21
2190,6,5,21
2191,6,5,21
2192,6,5,21
2193,6,5,21
2194,6,5,21
2195,6,5,21
2196,6,5,21
2197,6,5,21
2198,6,5,21
2199,6,5,21
2200,6,5,21
2201,6,5,21
2202,6,5,21
2203,6,5,21
2204,6,5,21
2205,6,5,21
2206,6,5,21
2207,6,5,21
2208,6,5,21
2209,6,5,21
2210,6,5,21
2211,6,5,21
2212,6,5,21
2213,6,5,21
2214,6,5,21
2215,6,5,21
2216,6,5,21
2217,6,5,21
2218,6,5,21
2219,6,5,21
2220,6,5,21
2221,6,5,21
2222,6,5,21
2223,6,5,21
2224,6,5,21
2225,6,5,21
2226,6,5,21
2227,6,5,21
2228,6,5,21
2229,6,5,21
2230,6,5,21
2231,6,5,21
2232,6,5,21
2233,6,5,21
2234,6,5,21
2235,6,5,21
2236,6,5,21
2237,6,5,21
2238,6,5,21
2239,6,5,21
2240,6,5,21
2241,6,5,21
2242,6,5,21
2243,6,5,21
2244,5,4,21
2245,5,4,21
2246,5,4,21
2247,5,4,21
2248,5,4,21
2249,5,4,21
2250,5,4,21
2251,5,4,21
2252,5,4,21
2253,5,4,21
2254,5,4,21
2255,5,4,21
2256,5,4,21
2257,5,4,21
2258,5,4,21
2259,5,4,21
2260,5,4,21
2261,5,4,21
2262,5,4,21
2263,5,4,21
2264,5,4,21
2265,5,4,21
2266,5,4,21
2267,5,4,21
2268,5,4,21
2269,5,4,21
2270,5,4,21
2271,5,4,21
2272,5,4,21
2273,5,4,21
2274,5,4,21
2275,5,4,21
2276,5,4,21
2277,5,4,21
2278,5,4,21
2279,5,4,21
2280,5,4,21
2281,5,4,21
2282,5,4,21
2283,5,4,21
2284,5,4,21
2285,5,4,21
2286,5,4,21
2287,5,4,21
2288,5,4,21
2289,5,4,21
2290,5,4,21
2291,5,4,21
2292,5,4,21
2293,5,4,21
2294,5,4,21
2295,5,4,21
2296,5,4,21
2297,5,4,21
2298,5,4,21
2299,5,4,21
2300,5,4,21
2301,5,4,21
2302,5,4,21
2303,5,4,21
2304,5,4,21
2305,5,4,21
2306,5,4,21
2307,5,4,21
2308,5,4,21
2309,5,4,21
2310,5,4,21
2311,5,4,21
2312,5,4,21
2313,5,4,21
2314,5,4,21
2315,5,4,21
2316,5,4,21
2317,5,4,21
2318,5,4,21
2319,5,4,21
2320,5,4,21
2321,5,4,21
2322,5,4,21
2323,5,4,21
2324,5,4,21
2325,5,4,21
2326,5,4,21
2327,5,4,21
2328,5,4,21
2329,5,4,21
2330,5,4,21
2331,5,4,21
2332,5,4,21
2333,5,4,21
2334,5,4,21
2335,5,4,21
2336,5,4,21
2337,5,4,21
2338,5,4,21
2339,5,4,21
2340,5,4,21
2341,5,4,21
2342,5,4,21
2343,5,4,21
2344,5,4,21
2345,5,4,21
2346,5,4,21
2347,5,4,21
2348,5,4,21
2349,5,4,21
2350,5,4,21
2351,5,4,21
2352,5,4,21
2353,5,4,21
2354,5,4,21
2355,5,4,21
2356,5,4,21
2357,5,4,21
2358,5,4,21
2359,5,4,21
2360,5,4,21
2361,5,4,21
2362,5,4,21
2363,5,4,21
2364,5,4,21
2365,5,4,21
2366,5,4,21
2367,5,4,21
2368,5,4,21
2369,5,4,21
2370,5,4,21
2371,5,4,21
2372,5,4,21
2373,5,4,21
2374,5,4,21
2375,5,4,21
2376,5,4,21
2377,5,4,21
2378,5,4,21
2379,5,4,21
2380,5,4,21
2381,5,4,21
2382,5,4,21
2383,5,4,21
2384,5,4,21
2385,5,4,21
2386,5,4,21
2387,5,4,21
2388,5,4,21
2389,5,4,21
2390,5,4,21
2391,5,4,21
2392,5,4,21
2393,5,4,21
2394,5,4,21
2395,5,4,21
2396,5,4,21
2397,5,4,21
2398,5,4,21
2399,5,4,21
2400,5,4,21
2401,5,4,21
2402,5,4,21
2403,5,4,21
2404,5,4,21
2405,5,4,21
2406,5,4,21
2407,5,4,21
2408,5,4,21
2409,5,4,21
2410,5,4,21
2411,5,4,21
2412,5,4,21
2413,5,4,21
2414,5,4,21
2415,5,4,21
2416,5,4,21
2417,5,4,21
2418,5,4,21
2419,5,4,21
2420,5,4,21
2421,5,4,21
2422,5,4,21
2423,5,4,21
2424,5,4,21
2425,5,4,21
2426,5,4,21
2427,5,4,21
2428,5,4,21
2429,5,4,21
2430,5,4,21
2431,5,4,21
2432,5,4,21
2433,5,4,21
2434,5,4,21
2435,5,4,21
2436,5,4,21
2437,5,4,21
2438,5,4,21
2439,5,4,21
2440,5,4,21
2441,5,4,21
2442,5,4,21
2443,5,4,21
2444,5,4,21
2445,5,4,21
2446,4,3,21
2447,4,3,21
2448,4,3,21
2449,4,3,21
2450,4,3,21
2451,4,3,21
2452,4,3,21
2453,4,3,21
2454,4,3,21
2455,4,3,21
2456,4,3,21
2457,4,3,21
2458,4,3,21
2459,4,3,21
2460,4,3,21
2461,4,3,21
2462,4,3,21
2463,4,3,21
2464,4,3,21
2465,4,3,21
2466,4,3,21
2467,4,3,21
2468,4,3,21
2469,4,3,21
2470,4,3,21
2471,4,3,21
2472,4,3,21
2473,4,3,21
2474,4,3,21
2475,4,3,21
2476,4,3,21
2477,4,3,21
2478,4,3,21
2479,4,3,21
2480,4,3,21
2481,4,3,21
2482,4,3,21
2483,4,3,21
2484,4,3,21
2485,4,3,21
2486,4,3,21
2487,4,3,21
2488,4,3,21
2489,4,3,21
2490,4,3,21
2491,4,3,21
2492,4,3,21
2493,4,3,21
2494,4,3,21
2495,4,3,21
2496,4,3,21
2497,4,3,21
2498,4,3,21
2499,4,3,21
2500,4,3,21
2501,4,3,21
2502,4,3,21
2503,4,3,21
2504,4,3,21
2505,4,3,21
2506,4,3,21
2507,4,3,21
2508,4,3,21
2509,4,3,21
2510,4,3,21
2511,4,3,21
2512,4,3,21
2513,4,3,21
2514,4,3,21
2515,4,3,21
2516,4,3,21
2517,4,3,21
2518,4,3,21
2519,4,3,21
2520,4,3,21
2521,4,3,21
2522,4,3,21
2523,4,3,21
2524,4,3,21
2525,4,3,21
2526,4,3,21
2527,4,3,21
2528,4,3,21
2529,4,3,21
2530,4,3,21
2531,4,3,21
2532,4,3,21
2533,4,3,21
2534,4,3,21
2535,4,3,21
2536,4,3,21
2537,4,3,21
2538,4,3,21
2539,4,3,21
2540,4,3,21
2541,4,3,21
2542,4,3,21
2543,4,3,21
2544,4,3,21
2545,4,3,21
2546,4,3,21
2547,4,3,21
2548,4,3,21
2549,4,3,21
2550,4,3,21
2551,4,3,21
2552,4,3,21
2553,4,3,21
2554,4,3,21
2555,4,3,21
2556,4,3,21
2557,4,3,21
2558,4,3,21
2559,4,3,21
2560,4,3,21
2561,4,3,21
2562,4,3,21
2563,4,3,21
2564,4,3,21
2565,4,3,21
2566,4,3,21
2567,4,3,21
2568,4,3,21
2569,4,3,21
2570,4,3,21
2571,4,3,21
2572,4,3,21
2573,4,3,21
2574,4,3,21
2575,4,3,21
2576,4,3,21
2577,4,3,21
2578,4,3,21
2579,4,3,21
2580,4,3,21
2581,4,3,21
2582,4,3,21
2583,4,3,21
2584,4,3,21
2585,4,3,21
2586,4,3,21
2587,4,3,21
2588,4,3,21
2589,4,3,21
2590,4,3,21
2591,4,3,21
2592,4,3,21
2593,4,3,21
2594,4,3,21
2595,4,3,21
2596,4,3,21
2597,4,3,21
2598,4,3,21
2599,4,3,21
2600,4,3,21
2601,4,3,21
2602,4,3,21
2603,4,3,21
2604,4,3,21
2605,4,3,21
2606,4,3,21
2607,4,3,21
2608,4,3,21
2609,4,3,21
2610,4,3,21
2611,4,3,21
2612,4,3,21
2613,4,3,21
